F1,F2,F3,F4,composite
0.9045,0.9458,-0.0094,-0.9668,0.3585
-0.188,-0.325,0.9089,1.1689,0.265
0.5683,0.8614,-1.1596,-0.4351,0.1029
1.6982,1.8554,-1.3082,-0.9468,0.6064
1.7773,1.8798,-0.5611,-2.3564,0.5094
-0.3499,-0.8221,0.1727,-0.8883,-0.4888
-0.6915,-0.0293,1.4961,-0.2886,0.0275
-1.6477,-1.8308,-0.5207,-0.3806,-1.22
0.639,0.5805,1.0385,0.9954,0.774
1.6633,1.7624,0.223,-0.1886,1.0309
1.4715,1.6367,-0.3776,0.0656,0.864
1.415,1.3938,1.1847,1.452,1.3693
-0.016,-0.6742,-1.5483,-0.9556,-0.7072
1.496,0.5961,1.4861,1.8835,1.3078
0.6092,0.805,0.4794,0.019,0.5227
0.1618,-0.1447,-0.5949,0.1574,-0.0827
1.752,1.5538,-0.2756,-0.5892,0.8158
-0.0814,-0.1564,-0.0028,0.2526,-0.0209
-0.0814,-0.1564,-0.0028,0.2526,-0.0209
-0.0814,-0.1564,-0.0028,0.2526,-0.0209
-0.2878,0.2214,0.9183,0.5766,0.2785
-0.0814,-0.1564,-0.0028,0.2526,-0.0209
-0.1276,-0.8116,1.1173,-1.6481,-0.3768
0.3089,-0.098,-1.0339,-0.773,-0.2985
1.5752,1.0984,0.3898,-2.0042,0.4826
0.1249,0.029,0.4013,-1.5891,-0.1877
1.9389,-1.1574,-0.5265,-0.9155,-0.0363
-1.609,-1.5431,-0.128,-0.6385,-1.0954
1.0809,1.9331,-0.0101,-0.4639,0.801
-0.3261,-0.7906,0.1993,-1.4217,-0.573
0.1628,-0.3089,-1.9116,0.1314,-0.4035
-1.7702,-0.4384,-1.9659,0.0109,-1.0662
1.6356,1.5697,0.6982,0.2858,1.1572
1.5916,1.6867,-0.3965,-0.0305,0.8923
-1.2678,-1.8437,-1.15,-0.9618,-1.3515
1.3783,1.3494,1.4269,1.8021,1.464
-1.5694,-1.7102,-0.4532,-1.3928,-1.3484
1.5519,0.8634,0.6002,-2.2972,0.3913
1.822,2.043,-1.7688,-1.2571,0.5437
1.5564,1.866,-0.5262,-0.2748,0.859
-1.5411,-1.6621,-1.4324,-1.2969,-1.5058
1.4943,1.1221,-1.591,-0.6967,0.3219
-0.468,-0.887,0.042,-1.0343,-0.5994
-0.809,-1.0041,-0.72,-0.1542,-0.7177
-1.3117,-1.3585,1.1506,-0.1123,-0.5859
0.9667,1.0894,-0.9192,-1.1795,0.192
1.8457,1.9469,-1.7544,-0.6759,0.6413
-0.2879,-1.1245,0.3238,-0.4694,-0.4443
0.2568,0.3181,-0.7793,-1.7886,-0.3429
0.9162,0.063,-0.6083,-0.6769,0.0395
-1.267,-1.5525,-0.6026,-1.6774,-1.297
1.4043,1.6303,0.9137,-0.0604,1.0793
1.0609,0.1355,0.6984,-0.4201,0.4219
1.8487,2.0779,-1.6442,-0.6191,0.7143
0.441,-1.0233,-0.6603,-1.8573,-0.6686
-1.7543,-1.9994,0.391,0.5357,-0.9341
-1.5411,-1.6621,-1.4324,-1.2969,-1.5058
2.1769,0.3442,-0.5025,-1.3884,0.3865
1.2063,-0.2748,-1.8076,-0.646,-0.2086
0.8758,-0.1593,-0.1556,-1.2359,-0.0569
0.2339,-1.248,0.5677,-0.2709,-0.2322
0.5656,0.0883,-1.083,-1.0074,-0.2223
0.8725,-0.3164,1.0424,-0.5991,0.2666
-0.0814,-0.1564,-0.0028,0.2526,-0.0209
-0.7654,-1.1661,-0.5509,-1.6539,-1.0157
-1.5505,-1.6782,-1.106,-1.3289,-1.4533
1.1677,1.2663,-0.4102,2.0002,1.0411
1.1946,0.9614,0.8527,0.4487,0.9084
0.7566,0.1806,1.6522,1.4606,0.9103
-0.3841,-0.4265,0.2923,-0.8797,-0.3574
-1.5411,-1.6621,-1.4324,-1.2969,-1.5058
1.8435,2.0418,-1.752,-1.0439,0.5957
-0.1013,-0.1445,-0.7988,-1.3389,-0.502
1.6277,1.5536,0.4323,-1.0373,0.8328
0.7874,1.2457,-1.1563,-0.9677,0.1769
0.4957,-0.1602,-1.8613,-1.6247,-0.5975
1.783,0.7891,-1.5838,-0.7042,0.3125
0.7527,-2.1726,1.3012,-0.4959,-0.2399
1.073,-0.3035,-1.8916,-1.5736,-0.4593
1.0934,1.208,-2.3694,-0.1118,0.1826
1.593,1.3475,-1.2366,-0.9698,0.4358
1.9782,0.9224,-2.1853,-1.7303,0.0846
1.6938,1.7244,-0.8261,0.2875,0.9103
-0.0814,-0.1564,-0.0028,0.2526,-0.0209
0.6529,0.0614,-0.0706,0.0395,0.2106
-1.5411,-1.6621,-1.4324,-1.2969,-1.5058
-0.5779,0.0633,0.2015,0.8851,0.0592
1.224,1.4459,-1.2077,-0.8786,0.376
-0.5128,-0.9888,1.9381,0.2906,0.0064
-0.8468,0.4,0.0728,-0.5533,-0.2365
0.544,0.9531,-1.6059,-1.7279,-0.2256
-0.7498,-1.4253,-1.2641,-0.6962,-1.0414
-1.6477,-1.8308,-0.5207,-0.3806,-1.22
-1.5411,-1.6621,-1.4324,-1.2969,-1.5058
-0.7359,-1.1897,-0.6851,-0.5141,-0.8142
-1.5411,-1.6621,-1.4324,-1.2969,-1.5058
1.9852,0.8457,-1.5191,-1.4638,0.2529
-0.7046,-0.7406,-1.6293,-1.4385,-1.0492
-1.5411,-1.6621,-1.4324,-1.2969,-1.5058
-1.764,-1.7432,-0.9436,-0.4987,-1.3393
-0.6143,-0.8027,-0.7466,-1.155,-0.8039
-1.5411,-1.6621,-1.4324,-1.2969,-1.5058
1.2036,0.9832,-1.6441,-1.7519,-0.0281
1.8048,2.024,-2.2199,-1.8631,0.3206
-1.5411,-1.6621,-1.4324,-1.2969,-1.5058
1.3783,1.3494,1.4269,1.8021,1.464
1.7488,1.8648,-0.5646,0.0659,0.9773
0.2028,-0.389,0.0293,0.2291,-0.0004
0.603,0.0014,-1.215,-1.1434,-0.2902
-1.0949,-1.9437,-0.2549,0.2191,-0.911
1.4813,1.0537,-2.0544,-1.7788,-0.0116
1.5459,0.7976,0.9001,0.8416,1.0555
1.8599,0.0325,0.641,-0.851,0.5381
0.9613,-0.2283,0.7241,-1.7955,0.0167
0.2923,-0.6397,-1.444,-1.2842,-0.6472
0.4611,0.276,0.0848,0.6193,0.3618
1.1176,-1.9549,0.0476,0.2309,-0.1754
-0.6713,-1.4795,-0.1481,-1.0168,-0.87
0.4679,-0.8642,-0.0847,0.7965,0.0311
0.3258,0.3012,0.1227,-0.4338,0.1262
0.9266,-1.7066,0.8818,-0.2238,-0.0817
-0.043,-1.1053,1.2959,-0.6761,-0.2073
0.7991,0.0356,0.7771,1.0434,0.6198
-1.4915,1.787,-1.3618,1.9395,0.1764
-0.7591,0.2376,1.7055,-0.3729,0.1108
0.2385,0.7944,0.4371,-0.0698,0.3802
-1.1358,0.9683,-1.1524,2.3034,0.1604
-1.8073,1.4369,-1.3358,-1.4258,-0.6863
-1.9639,1.8985,-0.8634,1.4094,0.0609
0.4361,-0.0581,-0.434,-1.056,-0.1823
0.4119,0.6679,0.829,0.658,0.6206
-0.0393,-1.385,1.0806,-0.2303,-0.2431
1.5368,1.3877,-0.261,0.0886,0.8394
-0.2272,-0.5633,-1.0564,-1.3887,-0.7253
0.8308,0.8163,0.4297,-1.1767,0.3457
-0.8112,-0.9093,-0.7176,-0.5222,-0.7634
0.6484,0.5965,0.7121,1.0274,0.7216
0.7373,0.8013,0.5733,-0.4426,0.488
0.2475,0.1367,0.7925,1.0423,0.484
-0.0814,-0.1564,-0.0028,0.2526,-0.0209
1.042,0.6934,0.8625,1.3857,0.9719
1.4549,0.954,-0.2838,-0.7053,0.525
0.6484,0.5965,0.7121,1.0274,0.7216
1.6472,1.8204,-0.1754,-1.2722,0.7464
1.6289,0.8761,-0.8949,-0.9996,0.3724
-0.0234,0.2474,-0.6078,-0.7228,-0.2022
0.3459,0.9286,0.9228,0.5102,0.6664
0.3868,-0.9811,-0.115,-0.1428,-0.2208
-0.0623,-0.0274,1.7115,-1.619,-0.0008
0.5605,0.4467,1.4825,1.2586,0.8536
-1.6072,-1.6488,-1.2046,-0.9449,-1.4058
1.6365,1.0122,1.2118,-0.3369,0.975
-0.6313,-0.5361,1.055,-0.9273,-0.3192
0.1005,-0.3474,-0.3316,-0.1643,-0.1711
1.3783,1.3494,1.4269,1.8021,1.464
0.5014,-0.1599,-1.6459,-1.1095,-0.4494
0.6633,-0.2487,0.8968,1.2265,0.556
0.6304,-0.2604,-1.7846,-0.2193,-0.2906
1.8979,1.1598,-1.1956,-0.8199,0.512
-0.2632,-0.1462,-1.5659,0.1532,-0.4112
1.1659,0.3438,-1.9138,-0.4343,-0.0195
0.7089,-0.6131,-1.2478,-0.1037,-0.2376
1.1119,-0.3186,-1.0681,0.095,0.0476
0.7904,0.6846,0.7597,0.2064,0.6371
-0.1484,0.3914,-0.8393,-1.0176,-0.3039
0.8776,-0.7039,-0.5018,1.3839,0.2349
0.46,0.629,0.7021,-0.029,0.4615
0.7172,0.5411,1.2214,0.8124,0.7872
-0.1853,-0.0464,-0.4525,0.3646,-0.0897
0.2642,-0.2074,-1.8394,0.2778,-0.2991
0.7112,0.1098,-0.4785,-0.6095,0.0305
0.6992,0.6431,-0.1326,-0.1018,0.3542
0.6599,-0.061,-0.955,-0.8516,-0.1802
0.7519,0.805,-0.8289,0.9819,0.4915
0.5823,0.6098,0.9399,1.3794,0.8216
0.6484,0.5965,0.7121,1.0274,0.7216
-0.1672,1.1776,0.7713,0.3254,0.5152
0.2172,-0.1114,0.8442,1.1543,0.435
-0.0429,-0.1969,0.2471,-0.019,-0.0242
0.0263,0.2306,0.9422,0.6359,0.3937
0.4812,-1.0676,0.7567,0.1467,0.0176
0.7197,0.3404,0.7556,1.0293,0.6776
0.6457,0.4528,0.9274,0.0083,0.5198
0.17,0.6903,0.9603,0.2588,0.5007
0.9688,0.0768,0.5062,0.7229,0.5648
0.6428,0.1673,0.8228,-0.7049,0.2723
0.7064,0.0251,0.3427,0.7212,0.436
0.7114,0.3744,0.2064,1.5454,0.6759
0.2309,0.1165,1.4095,0.0448,0.4002
0.9514,0.4243,0.9175,-0.1013,0.5809
0.7171,-0.4304,-0.1841,0.77,0.2085
1.2827,0.5246,0.3765,0.4015,0.7013
0.9231,-0.4913,-0.7054,0.1552,0.0252
0.1721,0.4193,0.3905,-0.469,0.1613
0.5401,-0.1129,0.3735,0.9743,0.4015
0.7137,0.3284,0.3863,0.5932,0.5104
0.4528,-0.316,-0.1389,0.8893,0.1943
-1.7334,1.1269,-0.8584,2.1868,0.0611
-1.7231,-0.7485,-0.5715,-0.5912,-0.9785
-1.6876,1.4121,-0.306,1.5095,0.1362
-1.7477,1.1761,-1.9429,1.5039,-0.2854
-0.2788,-1.3255,1.3281,-0.873,-0.3762
0.0326,-0.3146,0.8944,1.1172,0.3221
-0.188,-0.325,0.9089,1.1689,0.265
-1.5516,1.8066,1.4174,-2.0602,-0.0661
0.9073,-0.3075,-0.122,0.2515,0.212
0.0674,-0.0146,-1.0069,1.4531,0.1004
-0.8859,1.4265,-0.037,0.0036,0.1403
-1.3943,1.9814,1.2829,-1.641,0.089
0.8487,-0.0598,1.59,-0.9514,0.3757
0.4918,0.1385,0.991,0.3464,0.4611
-1.2854,1.0409,0.896,-0.4056,0.014
0.6031,0.1945,0.5693,0.2783,0.4121
0.9723,-0.7539,0.3538,0.491,0.2457
-0.9176,0.1808,1.8516,1.9806,0.5436
0.9321,-2.7694,1.8679,2.4149,0.3344
0.1608,0.6875,0.7752,0.9758,0.602
-1.5411,-1.6621,-1.4324,-1.2969,-1.5058
0.2185,0.1585,0.4812,0.8748,0.3849
1.3783,1.3494,1.4269,1.8021,1.464
0.2743,-1.5086,-2.0291,2.4272,-0.2878
0.1273,0.0368,-0.8325,-1.0948,-0.3375
-1.6731,0.987,-0.8519,1.5016,-0.0964
-1.3879,0.5121,0.203,1.0407,-0.0253
0.2144,0.1438,0.1478,1.0108,0.3386
-1.9828,1.781,1.9577,-1.3914,0.0378
-1.5411,-1.6621,-1.4324,-1.2969,-1.5058
0.5111,-0.1384,0.571,0.8087,0.3924
0.2784,-0.1181,1.0014,0.4504,0.3437
-1.7671,1.1292,2.1869,-0.4857,0.1396
0.3182,-0.5592,1.1419,-0.3791,0.0904
-1.9173,1.1876,1.8264,-1.24,-0.1124
0.7589,-1.205,-0.8739,2.1403,0.1268
-0.4239,0.1894,0.8166,-0.0814,0.0761
1.547,0.7372,1.3801,-1.8319,0.6042
0.4067,0.0303,0.0656,0.813,0.308
-0.6887,0.1845,-0.6041,1.4801,0.0153
0.4443,0.2374,0.1038,0.9311,0.4113
-1.124,0.7913,-0.4364,2.1548,0.2283
0.7995,0.1629,0.06,0.8813,0.479
-0.7977,-0.6186,0.0488,0.6063,-0.2938
-1.8367,1.5093,-0.5911,1.7374,0.1065
0.7122,-1.7719,-0.1122,0.2907,-0.2661
-0.8188,-0.5829,-1.1313,1.4717,-0.3578
0.2932,-0.7719,0.0619,0.3332,-0.0575
-0.1572,-0.3085,0.1792,0.6799,0.0335
-1.5429,0.6933,0.2394,-0.2275,-0.2644
-1.335,-0.2813,1.4559,-0.2912,-0.2512
0.2667,-0.0461,0.4613,0.5981,0.2807
-0.831,0.3548,-0.4239,0.2775,-0.1808
-1.0284,1.2886,-1.3965,1.3533,0.0482
0.7666,-0.1979,0.9661,0.4176,0.4556
0.9652,-1.254,-0.5029,0.9175,0.0077
-1.7245,1.4107,-0.8135,1.3954,-0.0014
0.9339,-1.3087,-0.1409,0.2419,-0.0785
-1.2275,1.1313,1.3049,-1.2835,-0.0332
0.2434,-1.3736,0.5051,0.3507,-0.1551
-1.3469,0.7488,-1.0076,0.788,-0.2402
0.7306,-0.0687,0.2493,0.2946,0.3121
0.9467,-1.4877,0.1674,0.2588,-0.0609
0.3319,0.081,0.9833,0.339,0.3925
0.3597,0.0865,-0.0586,0.155,0.1539
-0.2223,0.0006,1.8448,-1.7462,-0.0395
0.2695,0.0131,0.069,1.005,0.2999
-0.2144,-0.5013,0.2784,0.6236,-0.0314
-1.275,0.318,1.1156,-0.1535,-0.0995
0.8046,-1.5388,0.2774,1.1495,0.0803
0.0238,0.2852,0.5101,0.5017,0.2943
-1.577,1.243,1.0917,-0.7692,-0.0483
0.6998,-1.1918,0.163,1.1556,0.1278
-1.3651,0.8478,1.1524,0.3596,0.1376
-0.9774,0.3556,0.2611,0.1879,-0.1036
-1.4306,0.6166,1.5043,-0.3966,-0.0288
0.2632,-1.3959,0.3415,0.7922,-0.1011
-0.5961,0.5004,-0.2332,1.3355,0.1827
0.457,-1.0216,0.9118,-0.0508,0.016
-0.9916,-0.521,-0.6032,0.5368,-0.4709
0.855,-1.4483,-0.4271,1.1378,-0.0235
-0.2966,-0.8844,0.7413,0.0549,-0.1875
-1.1405,0.525,-0.5631,0.2745,-0.2543
-0.4645,0.1221,0.9546,-0.8677,-0.0843
-0.1051,-0.5898,-0.3476,0.1656,-0.2424
-0.3263,-0.1195,0.0755,0.8895,0.0577
-1.6514,0.566,1.9049,1.9599,0.4391
-0.1109,-0.8942,0.5954,-0.598,-0.2932
1.0446,-1.3587,-0.8353,-1.1675,-0.481
-0.0052,0.4948,1.1475,-0.9155,0.1946
0.5637,-1.4799,0.3952,0.4983,-0.0815
-1.0337,0.7602,-1.1295,1.0102,-0.1219
0.2244,-0.6436,-0.4554,1.0142,-0.0108
-1.0196,0.6989,-1.1908,0.6662,-0.2164
-0.4413,-0.2117,0.4421,0.2575,-0.0554
-1.0499,-0.1597,-0.9772,0.2915,-0.5079
-0.5645,-0.0682,-0.1317,0.1602,-0.1871
0.6815,-1.1473,-0.6252,0.0036,-0.2542
-1.2917,-1.1229,-0.5469,-0.5275,-0.9388
-0.7586,0.5002,0.2293,-0.234,-0.085
0.5064,-1.2105,-0.1668,0.4874,-0.1367
-0.0833,-0.2239,1.5646,-0.2597,0.1758
-1.2712,0.6754,0.7616,0.3838,0.0411
0.8191,-0.9716,-0.168,1.0647,0.1432
-0.4299,0.1673,1.4096,-0.9928,0.0072
-1.318,1.9709,-0.5187,-0.1823,0.0327
0.584,-1.1218,0.6153,-0.4865,-0.1216
-0.207,-0.1798,1.3355,-0.4996,0.0566
-0.0319,-0.1811,0.6163,0.6417,0.1903
-1.7771,-1.9553,0.7097,1.4257,-0.6863
-0.5118,-0.2526,0.1523,0.2142,-0.1564
-0.7566,0.1954,0.2132,1.1609,0.1006
-1.5423,0.9759,-0.299,1.1564,-0.0159
-0.3781,0.2773,-0.706,0.5205,-0.0744
-1.2235,0.9683,-0.2463,-0.5165,-0.2428
-0.8139,0.8544,1.3244,-1.3164,0.0093
0.3828,-1.2218,0.3193,0.768,-0.0229
0.5218,-0.9392,0.5349,-0.5865,-0.1234
-1.0647,0.7706,-0.1715,0.7575,0.0164
-0.0227,0.2659,-0.6562,1.4222,0.2202
-0.4582,-0.0214,-0.7962,0.7716,-0.1546
-0.0402,0.3481,-0.3424,0.1005,0.0399
0.1416,-0.0123,-0.4482,1.0049,0.1483
-0.0437,-1.1191,0.9467,-1.6749,-0.4812
0.251,-0.1512,-0.3212,-0.1231,-0.0575
0.4321,0.5548,0.6828,0.6364,0.5596
-0.7436,-0.7741,1.2199,0.1989,-0.1656
-0.9262,-0.9296,1.4876,-2.1986,-0.6891
0.9459,-1.9937,2.0839,-0.9163,-0.0529
-1.5075,1.1128,-2.1187,2.2392,-0.1201
-1.9248,1.6691,0.0923,-0.0514,-0.0903
-1.8469,1.1714,1.825,-1.5709,-0.1618
0.8795,-0.126,0.7326,-0.3413,0.3126
-1.5341,1.4979,1.1724,-1.0249,0.0049
-1.9688,1.9496,0.582,-1.1293,-0.1364
-1.3573,1.7429,-1.7784,-1.7528,-0.6146
-0.1964,-0.0192,1.2419,-0.2428,0.1389
0.2203,-0.7802,0.2611,0.7022,0.0317
-0.2394,-0.4207,-0.0428,0.9252,-0.0208
0.1649,-0.1347,-0.0027,-0.3572,-0.0607
0.5888,-0.0494,-0.0998,-0.424,0.0606
-1.0941,0.8632,0.2386,0.0204,-0.0287
0.7685,-1.4238,0.2868,-0.4634,-0.2159
0.8782,-2.1653,-2.0298,2.0184,-0.3772
1.0057,-1.5395,0.4345,-0.2109,-0.0971
0.5236,-0.0449,0.8169,0.7287,0.4578
1.667,-1.9046,-0.4413,0.5965,-0.0198
0.0721,0.1048,0.1953,0.498,0.1915
-1.6362,1.2588,0.6921,-1.4763,-0.2837
-1.7608,0.9036,1.366,0.1658,0.0381
-1.2926,1.009,-1.4184,0.3189,-0.3243
-1.7323,1.1601,1.4549,-1.5352,-0.1984
-0.0472,0.3845,-0.3242,-0.3364,-0.0348
-1.5965,0.7008,0.5588,-1.4622,-0.4591
-1.2253,0.5241,1.6715,-1.1003,-0.0992
0.3575,-0.7332,-1.0151,-1.7353,-0.6571
0.1841,-1.0912,-0.377,1.5017,-0.0412
0.61,-0.572,1.3506,-1.5159,-0.0079
-1.7215,0.8214,-0.4083,1.0218,-0.1648
-0.6355,0.4707,-0.4114,-0.2209,-0.1838
-1.0316,0.541,-0.1174,0.6766,-0.0458
0.013,0.5221,0.693,0.2698,0.3514
0.6314,-0.8804,1.2917,-0.8553,0.0278
-1.9189,1.7303,-1.9839,1.5339,-0.1778
-0.6874,0.4485,1.6635,-0.9168,0.0777
-0.6209,0.5047,-2.0375,0.077,-0.441
-1.6137,1.1986,1.3338,-0.419,0.0464
0.7552,-0.4205,-0.696,0.8327,0.1314
-0.2115,-0.1839,1.3196,-1.1591,-0.0803
0.1517,-0.6326,0.9272,-0.4332,-0.0363
-0.8187,-0.596,-0.4165,-0.6344,-0.6351
0.3295,0.1158,0.5818,-0.255,0.2021
-1.4833,1.6105,-1.2683,1.0393,-0.0327
0.4721,0.648,0.0805,0.1231,0.3745
-0.4235,0.3277,-1.4234,1.8496,0.0449
0.5268,-0.3006,-1.0067,1.3686,0.1401
0.5222,-0.5071,1.3018,-0.6281,0.1509
-1.4063,0.9038,1.3636,-1.1092,-0.1077
-0.0555,0.1765,1.2797,-0.5522,0.1853
-0.4611,-0.8275,0.1205,1.3243,-0.0949
-1.2878,1.1226,1.4099,-1.5227,-0.0804
-0.1594,-0.0495,0.1037,-0.1957,-0.0809
0.0238,0.2852,0.5101,0.5017,0.2943
-1.0258,-0.2509,0.8573,0.6883,-0.075
-0.0814,-0.1564,-0.0028,0.2526,-0.0209
0.3302,-1.2835,1.1834,0.2402,0.0138
0.3631,0.4471,-0.073,-0.2851,0.17
0.0759,-0.5718,-1.1831,1.3015,-0.126
0.8077,-0.3785,0.9772,0.0828,0.351
-0.8323,0.7371,-0.0904,0.3668,0.0163
0.2174,-1.0001,1.0101,-0.7585,-0.1716
0.4186,-0.2848,-0.179,0.6898,0.1451
0.4031,-0.1889,-0.05,0.1882,0.095
-1.67,1.1448,-0.5453,0.9715,-0.0923
-0.0194,0.3387,0.5281,0.4627,0.2927
-0.2846,0.2389,1.0128,-0.5754,0.0747
-0.9445,-0.4633,0.3452,-0.7901,-0.5106
-1.0404,0.8201,0.1701,0.3384,0.0245
0.0556,-0.1522,-0.8951,0.9308,-0.0246
-0.927,0.6249,-0.1984,1.0174,0.062
0.3133,-0.0673,-2.1673,1.0137,-0.1635
-0.4257,0.3262,0.4305,-0.5426,-0.0548
0.698,-0.4944,0.3885,-0.1577,0.116
-0.6353,0.6075,-1.7517,2.0184,0.0289
-0.9336,0.1942,-0.0197,-0.0035,-0.2327
-0.1648,-0.4024,-0.7366,0.9095,-0.137
0.7157,-0.7142,0.9257,-1.1092,-0.0228
-1.4408,-0.4109,-0.0518,0.5498,-0.461
0.926,-1.8389,1.1688,0.4201,0.0659
0.4586,-0.6048,-1.6542,1.6185,-0.0517
1.751,-0.6605,1.0554,-0.8831,0.3801
-0.7096,-1.2747,-0.0553,-0.295,-0.6593
0.5212,0.0874,0.8956,0.6633,0.4987
0.3747,-0.1504,-1.8749,-1.4836,-0.6062
0.0195,0.0312,0.2017,-1.0362,-0.15
0.2287,-0.4354,0.3952,-0.0934,0.0042
-0.0872,-0.1805,-1.7921,-1.0562,-0.6541
0.1824,-0.1994,-0.0354,0.2399,0.0378
0.1824,-0.1994,-0.0354,0.2399,0.0378
-0.194,-0.0028,0.5293,0.9135,0.2294
0.3094,-0.2171,0.6051,0.1732,0.1885
-0.006,0.3976,0.4877,0.4408,0.3014
0.29,-0.0521,0.5605,0.2739,0.2418
-0.2267,-0.4473,0.0443,0.3124,-0.1289
-0.0908,-0.1724,0.3236,0.2206,0.0316
0.4919,-0.4494,1.4468,-0.6285,0.188
-1.5182,0.7935,-0.8617,1.5993,-0.0883
-0.1156,-0.3809,0.269,1.2599,0.1586
1.5654,-2.4622,-2.2029,1.7819,-0.3366
-1.0438,2.6225,-1.8314,-2.0014,-0.3218
-2.0454,2.4765,-1.0982,-0.2648,-0.1756
0.8261,-1.8341,1.2845,-0.0661,-0.0363
-0.9241,-0.5833,-0.2893,0.7076,-0.3707
-0.4766,-0.3778,1.729,-1.2909,-0.1608
-0.309,0.0005,-0.1703,0.0907,-0.1107
-0.9003,1.0048,-1.4018,1.5911,0.0505
-1.1967,0.1701,-0.3378,0.8814,-0.2088
-0.6224,0.1277,1.1002,-1.1368,-0.1547
-0.2607,0.2256,-1.5065,1.2814,-0.0652
-0.3498,-0.2291,-1.4253,0.6733,-0.3299
-1.435,1.7023,-0.5671,-0.1971,-0.0943
0.6559,-1.1036,-1.5203,1.297,-0.1742
0.3325,-0.5629,0.4951,-0.4872,-0.0594
-0.188,-0.2864,1.138,-1.3649,-0.181
0.7719,-1.1765,-0.2459,0.403,-0.0786
2.2592,-2.5053,0.4374,0.2895,0.1029
-0.9286,0.8134,0.2707,-0.1882,-0.0277
0.5285,-0.3285,0.93,-0.488,0.1573
2.0861,-2.695,-0.6044,0.2386,-0.2275
0.8254,-1.1501,0.1769,0.1586,-0.0171
-0.4898,-0.8054,1.0238,0.2928,-0.1185
-1.7084,1.0521,0.9783,-1.17,-0.247
0.4888,-0.8661,-0.5779,0.981,-0.0268
0.8804,-2.2221,-0.5813,1.8396,-0.1339
0.2909,-1.0934,-0.3806,-0.1547,-0.3393
-0.5601,-0.3669,0.1791,-0.5172,-0.3446
0.6872,-0.9648,0.7587,-0.0005,0.0817
-0.4704,0.2355,0.8308,-0.0892,0.0767
-0.3552,1.6948,1.6577,1.6638,1.0556
0.2067,-0.5995,0.475,-0.3183,-0.079
-0.4014,0.3754,-0.7625,1.5378,0.1381
1.0627,-0.7353,0.1138,0.2201,0.176
-0.0379,0.2281,-1.3631,1.6743,0.1108
-0.168,0.1253,0.632,-0.6593,-0.0171
0.5848,-0.6191,-0.1176,0.8322,0.1389
-0.4637,-0.0215,-0.871,1.6441,0.002
0.8269,-0.4252,0.1381,-0.0146,0.1531
-0.5067,-0.0675,0.624,-0.4052,-0.128
0.9495,-0.8817,1.1136,-0.2641,0.2058
-0.4604,-0.3676,-0.4758,0.701,-0.2054
