id,duration_raw,gender,age,city,area,occupation,education,soundproof_wall,home_office,noise_impact,insulation,noise_traffic,noise_life,noise_construction,noise_business,noise_public,noise_animal,distance_source,time_period,eff_sleep_onset,eff_sleep_interrupt,eff_attention,eff_relationship,eff_mental,eff_physical,eff_hearing,eff_emotion,satisfaction,governance_satisfaction,coping_endure,coping_negotiate,coping_community,coping_protect,coping_official,coping_legal,coping_other,awareness_channel,awareness_policy,awareness_necessity,resp_gov,resp_property,resp_business,resp_resident,resp_other,meas_enforce,meas_law,meas_facility,meas_time,meas_publicity,meas_complaint,meas_planning,meas_other,open_text,duration
2,239秒,1,2,2,1,5,5,2,,2,4,3,4,4,1,2,2,4,4,5,5,4,4,4,3,3,4,2,3,0,1,1,0,1,0,0,3,3,1,1,1,1,1,0,1,1,1,1,0,1,0,0,加强相关处罚政策落地,239.0
3,55秒,1,1,3,1,5,5,2,,3,4,4,4,4,4,4,4,2,1,3,3,3,3,3,3,3,3,3,3,1,0,0,1,0,0,0,3,3,3,0,0,1,0,0,0,0,0,1,0,0,0,0,无,55.0
4,311秒,1,1,3,2,5,5,2,,2,4,2,5,3,1,1,2,5,4,4,4,5,5,3,2,2,4,2,2,1,0,0,1,0,0,0,5,3,2,0,0,1,1,0,0,0,1,1,1,0,1,0,希望能增加减噪技术的应用,311.0
7,180秒,1,3,1,1,3,3,1,2.0,4,1,2,2,2,2,2,2,2,3,5,5,5,5,5,5,5,5,4,5,0,0,1,0,1,1,0,5,5,1,1,1,1,1,0,1,1,1,1,1,1,1,0,目前杭州整体声污染治理还是挺好的。,180.0
8,74秒,1,2,1,3,5,5,1,,5,1,2,1,4,1,1,1,2,1,5,5,5,5,5,5,5,5,3,4,0,0,0,0,0,0,1,4,4,1,0,0,0,0,1,0,0,0,0,0,0,0,1,无,74.0
9,235秒,1,3,1,2,4,3,1,2.0,3,3,3,2,4,1,1,3,3,1,3,2,2,3,2,2,3,2,5,5,0,0,1,0,1,0,0,4,4,2,0,1,1,0,0,1,1,0,1,1,0,0,0,将噪声治理纳入地方政府生态环保考核，对治理不力、投诉居高不下的约谈、通报、问责。,235.0
10,133秒,2,2,1,1,3,4,1,3.0,3,3,3,2,5,5,5,1,3,1,3,1,3,5,2,3,3,3,3,3,1,0,1,1,0,0,0,5,4,1,1,1,0,1,0,1,1,1,1,1,1,1,0,加大宣传,133.0
11,216秒,1,4,1,1,3,3,1,3.0,3,1,2,2,2,2,2,2,1,3,1,1,1,1,1,1,1,1,4,3,0,0,0,0,0,0,1,3,3,3,0,0,0,0,1,0,0,0,0,1,0,0,0,无,216.0
12,149秒,2,2,1,2,9,3,3,2.0,2,2,5,4,4,4,4,4,2,1,4,4,4,4,4,4,4,4,4,4,0,1,0,0,0,0,0,4,4,1,1,1,1,1,0,1,1,1,1,1,1,1,0,无,149.0
13,227秒,1,2,1,1,9,5,2,3.0,1,5,5,5,3,1,3,3,4,4,5,5,5,5,5,5,5,5,1,1,0,0,0,0,1,0,0,5,5,1,1,1,1,1,0,1,1,1,1,1,1,1,0,乡镇街道应将噪声扰民纳入基层社会治理重点事项，基层群众性自治组织可推动噪声防治内容纳入村规民约、居民公约，并建立矛盾纠纷调解机制。‌,227.0
14,207秒,1,2,1,1,3,6,3,3.0,3,3,2,2,3,4,4,3,1,4,5,5,5,5,5,5,5,5,2,3,0,0,0,1,0,0,0,1,1,3,1,1,1,1,0,1,1,1,1,1,1,0,0,没有,207.0
15,82秒,2,2,1,1,9,5,3,2.0,2,2,4,5,5,4,5,5,2,1,5,5,5,5,5,5,5,5,3,4,0,1,1,0,1,0,0,4,4,1,1,1,1,1,1,1,1,1,1,1,1,1,1,无,82.0
16,302秒,1,2,1,1,3,4,2,2.0,4,3,2,3,1,1,1,1,1,2,5,2,2,2,2,2,2,2,2,3,0,0,1,0,1,1,0,3,3,2,1,1,1,1,0,1,1,1,1,1,1,1,0,无,302.0
17,422秒,1,2,1,1,9,4,2,3.0,2,5,5,5,5,5,5,5,5,1,5,2,5,5,5,5,5,5,1,1,1,1,0,0,0,0,0,2,2,1,1,1,1,1,0,1,1,1,1,1,1,1,0,设区的市、县（市、区）应依据第七条及时划定和调整声环境质量标准适用区域及噪声敏感建筑物集中区域，并向社会公布。‌,422.0
18,86秒,1,2,1,1,5,5,1,,3,3,4,3,3,3,4,3,1,3,5,4,4,4,4,5,3,3,4,4,0,1,1,1,1,0,0,3,3,2,1,1,1,1,0,1,1,1,1,1,1,1,0,无,86.0
19,115秒,2,2,3,2,5,5,2,,4,3,3,4,3,1,1,4,3,1,3,3,3,3,3,3,3,3,3,3,1,0,0,1,0,0,0,3,3,3,1,0,0,1,0,1,0,0,0,0,0,0,0,无,115.0
20,236秒,2,2,3,4,5,5,2,,2,4,3,4,4,2,2,2,3,1,5,4,5,5,5,5,5,5,2,3,0,1,0,0,0,0,0,2,2,1,1,1,1,1,0,1,1,1,1,1,1,1,0,无,236.0
21,66秒,1,2,3,2,5,5,3,,3,3,3,3,3,3,3,3,3,3,3,3,3,3,3,3,3,3,3,3,0,0,1,0,0,0,0,3,3,3,0,0,1,0,0,0,0,0,1,0,0,0,0,无,66.0
22,97秒,1,2,3,3,5,5,1,,3,2,3,3,3,3,3,3,1,3,3,3,3,3,3,3,3,3,3,3,0,0,0,1,0,0,0,3,3,2,1,1,0,1,0,1,1,1,1,1,1,1,0,无,97.0
23,157秒,1,2,3,1,5,5,2,,3,2,3,3,3,3,3,3,2,2,3,3,3,3,3,3,3,3,3,3,1,1,1,0,0,0,0,3,3,3,0,1,0,0,0,1,0,0,0,0,0,1,0,无,157.0
24,1437秒,1,4,1,1,4,2,1,2.0,4,1,5,3,3,3,4,4,3,1,3,4,2,4,3,2,4,4,5,3,0,1,0,1,0,0,0,4,3,3,0,1,1,1,0,1,0,1,1,0,1,1,0,将噪声治理纳入地方政府生态环保考核，对治理不力、投诉居高不下的约谈、通报、问责。,1437.0
25,51秒,1,1,3,1,5,5,1,,3,2,3,3,3,3,3,3,2,1,3,3,3,3,3,3,3,3,3,3,0,1,0,0,0,0,0,3,3,1,1,1,0,0,0,1,1,1,1,1,0,0,0,无,51.0
26,105秒,1,2,2,1,5,5,1,,3,3,4,2,4,1,3,1,3,2,2,2,3,2,3,2,3,3,4,4,1,0,0,1,0,0,0,1,1,1,1,1,1,1,0,1,1,1,1,1,1,1,0,无,105.0
27,119秒,1,2,3,2,5,5,3,,4,3,2,3,2,2,2,1,3,3,4,2,4,4,3,2,2,3,3,3,0,1,0,1,0,0,0,3,3,2,1,1,1,1,0,0,1,1,1,1,1,1,0,暂无,119.0
28,55秒,2,3,2,5,1,4,2,2.0,4,2,5,2,4,1,1,1,3,4,5,5,5,5,5,4,4,3,3,2,1,0,0,1,0,1,0,4,2,2,1,0,1,0,0,0,0,1,0,1,0,0,0,加强噪声治理,55.0
29,128秒,2,2,3,2,5,5,2,,3,3,3,3,5,1,1,1,1,2,3,3,3,3,3,3,3,3,3,3,0,0,1,0,0,0,0,4,4,2,1,1,1,1,0,1,1,1,1,1,1,1,0,无,128.0
30,90秒,1,2,3,1,5,5,2,,2,3,1,5,5,1,1,1,4,4,5,1,5,1,5,3,3,3,2,3,0,0,0,1,0,0,0,2,2,1,1,0,0,1,0,0,0,0,0,0,1,0,0,无,90.0
31,149秒,1,2,3,4,5,5,2,,4,3,3,3,3,1,1,2,3,4,1,1,1,2,1,1,1,1,5,3,0,0,1,1,0,0,0,1,1,2,1,1,1,1,0,0,1,1,1,1,1,1,0,无,149.0
32,268秒,2,4,2,1,3,4,2,3.0,3,4,4,4,3,2,3,2,3,4,5,5,4,5,4,5,5,5,2,3,0,1,1,0,0,0,0,3,2,2,1,1,1,1,0,1,1,1,1,1,1,1,0,完善法律制度,268.0
33,211秒,1,2,3,2,5,5,3,,5,2,1,1,5,3,2,1,1,4,2,2,5,3,2,1,1,3,4,4,0,1,1,1,0,0,0,2,2,1,1,1,1,1,0,1,1,1,1,1,1,1,0,加强治理,211.0
34,164秒,1,2,3,2,5,5,3,,3,3,1,4,1,3,2,1,3,3,4,3,3,2,3,2,2,3,3,3,1,1,0,1,0,0,0,1,1,3,0,0,0,1,0,0,0,1,1,1,0,0,0,不中,164.0
35,171秒,2,4,2,1,1,5,3,3.0,4,3,1,5,1,1,1,1,1,3,1,1,1,5,1,1,1,1,4,3,0,0,1,0,0,0,0,3,3,2,1,1,1,1,0,1,1,0,0,0,1,0,0,与个人征信挂钩,171.0
36,337秒,2,4,2,1,3,4,2,3.0,3,4,4,5,5,2,3,4,4,4,5,5,5,5,5,5,5,5,1,1,0,0,1,1,0,0,0,1,1,1,1,1,1,1,0,1,1,1,1,1,1,1,0,房子隔音性能非常需要提高,337.0
37,55秒,1,2,3,1,5,5,1,,3,2,3,3,3,3,3,3,1,4,5,5,5,5,5,5,5,5,4,5,0,0,0,0,0,0,1,5,5,5,0,0,0,0,1,0,0,0,0,0,0,1,0,无,55.0
38,197秒,2,3,2,1,3,5,1,3.0,5,2,2,1,1,1,1,2,1,4,1,1,1,1,2,1,1,1,5,4,0,0,1,1,0,0,0,2,2,2,1,0,1,0,0,0,0,1,1,1,1,0,0,争取做到更少噪音，造福广大群众,197.0
39,262秒,2,4,2,1,3,4,3,3.0,4,3,5,5,5,5,5,5,1,4,5,5,5,5,5,5,5,5,3,3,0,1,1,1,0,0,0,3,3,1,1,1,1,1,0,1,1,1,1,0,0,1,0,无,262.0
40,94秒,1,2,3,4,5,5,1,,5,3,4,1,1,1,1,1,2,2,1,1,1,1,1,1,1,1,5,5,1,0,0,0,0,0,0,1,1,3,1,1,1,1,0,0,0,0,0,0,0,1,0,无,94.0
41,112秒,2,2,3,2,5,5,3,,3,3,4,2,5,1,1,1,3,3,5,3,5,3,5,5,3,5,2,3,1,0,0,1,0,0,0,3,3,2,1,1,1,1,0,1,1,1,1,1,1,1,0,无,112.0
42,476秒,2,4,2,5,4,3,3,1.0,3,3,3,3,1,1,1,1,4,2,5,5,5,5,5,5,5,5,2,3,1,1,0,0,0,0,1,2,2,4,1,1,1,1,0,1,1,1,1,0,1,1,0,说不清楚,476.0
43,460秒,1,4,2,1,3,4,1,3.0,4,3,3,4,2,2,4,2,3,3,5,5,5,5,5,5,5,5,2,3,0,0,1,1,0,0,0,4,4,1,1,1,1,1,0,1,1,1,1,1,1,1,0,政府要严惩违法行为，大力宣传。,460.0
44,144秒,1,4,2,4,3,4,2,3.0,5,2,1,1,1,1,1,1,1,1,1,1,1,1,1,1,1,1,5,5,1,0,0,0,0,0,0,5,5,2,1,0,0,0,0,1,0,0,0,0,0,0,0,没有,144.0
45,144秒,1,2,3,1,5,5,3,,3,3,1,5,3,1,1,1,4,4,5,1,3,5,5,5,5,5,3,3,0,1,1,0,0,0,0,3,2,2,1,1,1,1,0,1,1,1,1,1,1,1,0,无,144.0
46,1277秒,2,5,2,1,7,2,3,,4,3,3,3,4,2,1,1,1,3,3,3,3,2,2,1,1,2,3,3,0,1,1,0,0,0,0,2,2,2,1,1,0,0,0,0,1,0,1,0,1,0,0,加强法律法规与管控区域标准。,1277.0
47,128秒,2,3,2,1,3,5,1,2.0,5,2,2,2,2,2,2,3,1,3,2,2,2,2,2,2,2,2,4,4,0,0,1,0,0,0,0,3,3,2,1,1,1,1,0,1,1,1,0,0,0,0,0,无,128.0
48,275秒,2,3,2,1,1,5,1,2.0,3,3,3,1,4,4,4,3,2,3,3,2,2,2,1,1,1,2,4,4,0,0,1,0,0,0,0,2,2,2,1,1,1,1,0,1,1,1,1,1,1,1,0,无,275.0
49,271秒,2,4,2,1,3,5,1,1.0,3,3,5,3,1,1,1,1,3,1,4,4,4,4,4,4,4,4,4,4,1,0,1,0,0,0,0,4,4,2,1,1,1,1,0,1,1,1,1,0,1,1,0,目前还可以,271.0
50,171秒,1,2,3,5,5,5,3,,3,3,2,4,2,1,1,2,4,4,5,5,5,5,5,5,5,5,2,3,0,0,1,1,0,0,0,3,3,1,1,1,1,1,0,1,1,1,0,0,0,0,0,无,171.0
51,1088秒,1,5,2,1,7,4,3,,4,3,4,2,3,2,2,3,3,2,3,1,2,2,3,2,2,3,4,4,0,0,1,0,0,0,0,3,3,2,0,0,0,1,0,1,1,0,0,1,0,0,0,政府部门监管，完成管控法律法规，加强文明宣传，增强居民自律意识。,1088.0
52,199秒,2,4,2,1,3,5,1,2.0,4,2,2,1,2,1,2,1,1,4,3,4,4,3,3,3,3,3,4,4,0,0,1,0,1,1,0,4,4,3,0,0,1,0,0,1,0,1,1,1,1,1,0,政府职能部门重视，相关单位人员的配合很要紧。多宣传强调，提高意识，优化生活环境，使宁波这个城市宜居文明更上一层楼。,199.0
53,202秒,2,3,2,4,3,4,3,3.0,3,3,3,3,3,1,1,3,3,1,4,4,4,3,4,2,3,4,3,3,0,0,0,0,0,0,1,1,1,2,0,0,0,0,1,1,1,1,1,1,1,1,0,没有,202.0
54,358秒,2,4,2,1,3,4,1,3.0,5,2,1,1,3,1,1,1,3,1,1,1,1,1,2,1,1,2,5,4,1,0,1,1,0,0,0,3,3,1,1,1,1,1,0,1,1,1,1,1,1,1,0,避开市民睡觉时间,358.0
55,204秒,1,4,3,1,4,4,2,2.0,2,3,5,3,3,3,5,3,5,3,5,5,5,5,5,5,5,5,2,1,1,0,0,0,0,0,0,1,1,1,1,0,0,0,0,1,0,0,0,0,0,0,0,觉得没有投诉部门，基本都是投诉110或者1235，12345要转职能部门进度慢,204.0
56,419秒,2,4,2,1,3,3,1,3.0,3,3,4,2,4,3,3,3,3,2,5,4,4,3,4,3,4,4,2,3,0,0,1,0,0,0,0,3,3,2,0,0,1,0,0,0,1,0,1,1,0,1,0,没有,419.0
57,168秒,2,4,2,1,3,4,3,2.0,4,3,4,5,1,1,1,1,3,3,5,5,5,5,5,5,5,5,3,4,0,0,1,0,1,0,0,3,3,2,1,1,1,1,0,1,1,1,1,1,1,1,0,没有建议,168.0
58,354秒,2,3,2,1,3,5,1,2.0,4,2,3,1,2,1,1,1,4,1,3,3,4,1,4,1,1,3,4,4,0,0,1,0,1,0,0,3,3,2,1,1,1,1,0,1,0,0,1,0,0,1,0,加强文明宣强，优化投诉机制，提高办事效率,354.0
59,102秒,2,4,2,1,4,4,3,3.0,4,3,3,3,3,3,3,3,3,1,1,1,1,1,1,1,1,1,4,3,0,0,0,1,0,0,0,1,1,3,1,0,0,0,0,1,1,1,1,1,1,1,0,无,102.0
60,60秒,1,2,3,1,5,5,1,,5,2,1,1,1,1,1,1,1,4,1,1,1,1,1,1,1,1,5,5,0,0,0,0,0,0,1,5,5,1,0,0,0,0,1,1,1,1,1,1,1,1,0,无,60.0
61,402秒,2,4,2,4,3,2,2,2.0,4,4,5,3,2,1,1,1,5,3,5,3,5,1,5,5,5,5,2,3,1,0,0,0,0,0,0,5,1,3,0,0,0,1,0,0,0,0,0,0,0,0,1,无,402.0
62,156秒,1,2,2,1,5,3,2,,2,3,2,3,1,1,1,2,1,4,5,3,3,3,5,2,3,3,3,3,0,0,1,1,0,0,0,3,3,1,0,1,1,0,0,0,1,1,1,0,0,1,0,无,156.0
63,80秒,1,2,2,1,5,5,3,,3,3,4,2,3,1,1,2,1,3,3,2,4,3,4,4,4,3,4,4,0,1,1,1,1,1,0,3,3,2,1,1,1,1,0,1,1,1,1,1,1,1,0,无,80.0
65,312秒,1,2,2,3,5,3,1,,2,3,5,3,3,1,2,4,3,4,4,3,4,2,3,1,1,2,3,4,1,0,0,0,0,0,0,3,1,2,1,1,1,1,0,0,0,1,1,1,1,0,0,街边房噪音无可避免，希望能尽量改变城市布局,312.0
66,221秒,1,2,1,1,5,6,1,,3,2,3,2,1,2,2,1,3,4,4,2,3,3,4,3,3,4,4,4,0,0,0,1,0,0,0,2,2,2,1,1,1,1,0,1,1,1,1,1,1,1,0,当前浙江城镇化与产业发展加速，交通、施工、工业及生活噪声问题凸显。应立足区域实际，优化城乡空间布局，落实声环境分区管控；强化多部门协同执法，加大违规惩戒力度；推广降噪技术与隔音设施，完善常态化监测；同时引导公众参与监督，构建源头防控、多元共治的噪声治理体系。,221.0
67,161秒,1,2,2,1,4,5,1,2.0,3,3,3,1,4,5,5,1,4,4,5,5,5,1,4,5,3,1,3,4,1,1,1,1,0,0,0,1,1,2,1,0,1,1,0,1,0,0,1,1,0,0,0,无,161.0
68,394秒,1,2,2,3,5,5,2,,2,3,3,3,3,3,3,3,2,4,3,3,3,3,3,3,3,3,3,3,1,0,0,0,0,0,0,3,3,1,1,1,1,1,0,0,0,0,0,0,0,1,0,无,394.0
69,138秒,1,2,2,3,5,5,3,,3,3,4,1,1,1,1,1,4,4,5,3,1,1,1,1,1,1,2,3,0,0,0,1,0,0,0,3,3,3,1,1,1,1,0,0,0,1,0,1,1,0,0,管一下宁海县摩托车炸街的，天天都有，很烦,138.0
70,92秒,2,2,3,2,5,5,1,,5,1,2,1,1,1,1,1,1,1,1,1,1,1,1,1,1,1,5,5,0,1,1,0,1,0,0,3,3,2,0,0,1,0,0,0,0,0,1,0,0,0,0,无,92.0
71,109秒,2,2,2,3,5,5,3,,2,3,3,4,2,5,5,5,2,4,5,5,5,5,5,5,4,4,2,3,1,1,1,0,0,0,0,4,3,3,1,1,0,0,0,0,0,0,0,0,0,0,1,夜间凌晨减少夜市,109.0
72,262秒,2,1,1,2,5,3,3,,2,3,4,3,5,4,3,4,3,4,4,5,5,3,4,5,5,5,3,3,1,0,0,1,0,0,0,2,3,2,1,1,1,1,0,0,1,1,1,0,1,1,0,加强法律对他们行为的处罚，多增派人手巡查,262.0
73,105秒,2,1,2,3,5,6,1,,3,3,5,5,5,5,5,4,1,2,4,5,4,2,5,3,3,5,4,4,1,0,0,0,0,1,0,3,2,2,1,1,1,1,0,1,1,1,1,1,1,1,0,无,105.0
74,836秒,1,2,1,4,8,2,2,,4,4,4,3,3,1,2,2,4,2,3,2,2,2,2,3,3,3,3,3,0,0,0,0,0,0,1,2,3,3,1,1,1,1,1,0,1,1,1,1,1,1,1,白天噪音无所谓,836.0
75,143秒,1,3,2,2,3,3,2,3.0,3,3,1,1,1,1,1,1,1,3,1,1,1,1,1,1,1,1,5,4,0,0,1,0,0,0,0,4,4,2,0,0,1,0,0,0,0,0,1,0,0,0,0,没问题,143.0
76,112秒,1,3,2,1,8,5,3,,2,3,2,4,2,1,1,1,4,3,5,5,5,5,5,5,5,5,2,3,0,0,0,0,1,0,0,5,5,1,1,1,1,1,0,0,1,1,0,1,0,0,0,无,112.0
77,226秒,1,4,2,1,1,5,2,3.0,3,3,3,2,2,1,1,1,3,4,2,3,3,3,3,3,3,2,3,3,0,0,1,0,0,0,0,2,3,3,1,1,1,1,0,0,0,0,1,1,1,1,0,无,226.0
78,212秒,2,4,2,1,1,5,1,3.0,4,3,2,2,5,1,3,4,2,3,5,5,5,5,5,5,5,5,2,2,1,0,1,0,0,0,0,2,1,1,1,1,1,1,0,1,1,1,1,1,1,1,1,执法力度要加强,212.0
79,242秒,1,4,2,1,3,4,2,3.0,3,3,3,3,2,1,1,2,3,4,3,3,4,5,5,4,3,5,3,3,1,0,1,0,1,0,0,3,1,2,1,1,1,1,0,0,1,0,1,1,0,0,0,没有,242.0
80,105秒,1,2,3,1,5,5,2,,3,1,1,1,1,1,1,1,1,4,3,3,4,3,4,2,2,3,5,5,1,1,1,1,1,1,0,5,5,1,1,1,1,1,0,1,1,1,1,1,1,1,0,无,105.0
81,194秒,2,3,2,4,9,2,3,1.0,4,3,1,2,2,2,2,2,4,2,5,5,5,5,5,3,5,3,2,3,0,1,0,1,0,0,1,2,2,2,1,1,1,1,1,1,1,1,1,1,1,0,0,习惯了不提还好,194.0
82,417秒,2,3,2,4,4,3,1,3.0,4,3,5,1,5,1,1,5,2,1,3,3,3,1,3,1,5,1,5,1,0,1,0,0,0,0,0,5,3,3,0,0,1,0,0,0,0,0,1,0,0,0,0,没意见,417.0
83,488秒,2,4,2,5,3,2,3,3.0,5,3,1,1,1,1,1,1,2,1,3,3,3,1,5,3,4,4,5,5,0,0,0,0,0,0,1,1,1,1,1,0,0,0,0,0,0,0,0,0,0,0,1,没有建议,488.0
84,528秒,2,4,2,5,9,3,2,3.0,3,4,1,4,1,1,1,3,5,3,4,5,4,4,5,3,3,5,2,2,1,0,0,0,0,0,0,1,1,1,1,1,1,1,0,1,1,1,1,1,1,1,0,多多下基层,528.0
85,674秒,2,4,2,5,9,2,2,3.0,3,3,2,2,2,2,2,2,3,4,5,5,5,4,5,4,4,5,3,4,1,0,0,0,0,0,1,2,2,3,1,1,1,1,1,0,1,1,1,1,1,0,1,暂无,674.0
86,303秒,2,3,2,3,9,2,1,2.0,4,3,1,1,1,1,1,1,1,3,5,5,5,5,5,1,5,5,4,5,0,0,1,0,1,1,0,3,3,1,1,1,1,1,0,1,1,1,1,1,1,1,0,有噪音施工分段施工,303.0
87,227秒,1,2,3,2,9,3,1,2.0,4,3,3,4,3,3,2,3,3,1,5,5,5,5,5,5,5,5,1,2,1,0,0,0,0,0,0,2,3,2,1,0,0,1,0,0,0,1,1,1,0,0,0,没意见,227.0
88,98秒,1,2,3,4,5,5,1,,3,2,3,3,3,3,3,3,2,2,3,3,3,3,3,3,3,3,4,3,0,1,0,0,1,0,0,4,4,2,0,1,0,0,0,0,1,0,0,0,1,0,0,无,98.0
89,323秒,1,2,1,1,3,6,3,2.0,5,2,3,3,3,3,3,3,1,2,5,5,5,2,2,2,3,4,1,1,1,1,1,1,1,1,0,1,1,1,1,1,1,1,0,1,1,1,1,1,1,1,0,没有,323.0
90,156秒,1,3,2,4,4,4,3,2.0,3,2,1,1,1,1,1,1,1,1,1,1,1,1,1,1,1,1,5,5,0,1,0,0,0,0,0,3,3,3,0,0,1,0,0,1,0,0,0,0,0,0,0,多多巡逻,156.0
91,253秒,1,2,2,4,4,4,2,2.0,3,3,3,3,3,5,4,3,3,1,2,3,3,2,3,3,2,5,3,3,1,0,0,0,0,0,0,2,2,2,0,0,1,1,0,0,0,1,0,0,0,1,0,整理下,253.0
92,634秒,1,3,2,5,9,4,1,2.0,4,2,2,2,2,2,2,2,1,2,5,5,5,5,3,3,5,5,3,4,0,1,1,1,0,0,0,3,3,3,0,0,1,0,0,1,1,1,1,1,1,1,0,建议企业单位远离居住的地方,634.0
93,221秒,2,3,2,5,3,4,3,2.0,4,2,4,2,5,5,5,3,1,3,5,2,2,2,2,2,2,3,3,3,0,1,0,0,0,0,1,2,2,3,1,1,1,1,0,1,1,1,1,1,1,1,0,整体上很好,221.0
94,495秒,1,3,2,4,9,2,1,3.0,2,3,4,3,3,3,2,1,3,3,3,5,1,3,3,3,2,2,3,3,1,0,0,0,0,0,0,1,1,3,0,0,1,0,0,0,0,0,1,0,0,0,0,没建议,495.0
95,331秒,1,4,2,4,3,2,2,3.0,4,3,1,1,2,1,1,1,1,1,1,5,5,5,5,3,3,3,4,3,0,0,0,0,0,0,1,3,1,3,0,0,1,0,0,1,1,0,1,1,1,1,0,没有,331.0
96,138秒,2,3,2,1,1,4,2,1.0,3,1,1,1,1,1,2,3,3,3,3,2,2,2,2,1,1,1,2,2,1,0,0,0,0,0,0,2,2,2,0,1,0,0,0,0,0,0,1,0,0,0,0,没有,138.0
97,101秒,2,4,2,3,3,3,1,3.0,4,2,2,2,2,2,2,2,2,3,1,1,1,1,1,1,1,1,3,2,1,0,0,0,0,0,0,1,1,1,0,1,0,0,0,1,1,0,0,0,0,0,0,OK,101.0
98,110秒,1,3,2,4,1,5,3,3.0,3,3,1,1,1,1,1,1,2,2,1,1,1,1,1,1,1,1,2,1,1,0,0,0,0,0,0,2,2,2,0,1,1,0,1,0,0,1,1,1,0,0,0,好的,110.0
99,110秒,1,5,2,3,4,2,2,1.0,2,2,2,2,2,2,2,2,1,2,2,2,2,1,2,2,2,2,1,1,1,1,1,0,0,0,0,1,1,1,0,1,0,0,0,0,1,1,1,1,0,0,0,好了,110.0
100,67秒,2,3,2,5,2,3,2,1.0,3,3,1,1,1,1,1,1,4,1,1,1,1,1,1,1,1,1,2,1,0,1,0,0,0,0,0,1,1,3,0,1,0,0,0,1,1,0,0,0,0,0,0,好了,67.0
101,309秒,2,3,2,4,9,2,3,2.0,4,3,2,1,1,2,2,1,1,2,5,5,5,1,5,5,5,5,2,3,0,1,0,0,0,0,1,2,2,4,1,1,0,0,0,1,0,0,0,1,0,1,1,好的,309.0
102,67秒,1,4,2,1,1,4,2,1.0,3,4,1,1,1,1,1,1,2,2,2,2,2,2,2,2,2,2,1,1,1,0,0,0,0,0,0,1,1,2,0,1,0,0,0,0,0,1,0,1,0,0,0,哈喽,67.0
103,65秒,1,4,2,3,3,3,2,2.0,4,1,1,1,1,1,1,1,4,2,1,1,1,1,1,1,1,1,2,1,1,0,0,0,0,0,0,1,1,2,0,1,0,0,0,1,1,0,0,0,0,0,0,合格,65.0
104,78秒,1,4,2,2,3,4,2,2.0,3,2,1,1,1,3,3,1,2,3,1,1,1,1,1,1,1,1,2,1,0,1,0,0,0,0,0,1,1,1,0,1,0,0,0,0,0,1,1,1,0,0,0,OK,78.0
105,394秒,1,4,2,4,4,3,1,2.0,3,3,3,1,1,2,2,1,2,1,3,2,2,2,2,2,2,2,3,3,1,0,0,0,0,0,0,2,2,2,0,0,0,0,1,0,0,1,0,0,0,0,0,依法依规合理人性化治理,394.0
106,102秒,1,2,2,5,3,5,1,2.0,5,1,1,1,1,1,1,1,1,1,1,1,1,1,1,1,1,1,5,4,0,1,1,0,1,0,0,4,4,1,1,1,0,0,0,0,0,0,1,1,0,0,0,无,102.0
107,218秒,2,1,2,4,5,2,3,,4,3,2,1,1,1,1,2,5,4,5,5,5,1,5,5,1,5,2,3,0,0,0,0,0,0,1,3,4,3,0,0,0,1,0,0,0,0,1,1,0,1,0,没有,218.0
108,151秒,2,4,2,4,9,2,3,3.0,3,3,1,1,1,1,1,1,2,1,5,5,5,5,5,5,5,5,2,3,0,0,0,0,0,0,1,2,2,3,0,0,0,0,1,0,0,0,0,0,0,0,1,可以,151.0
109,160秒,2,3,2,4,4,2,2,3.0,4,2,1,1,1,1,1,1,2,1,1,1,1,1,1,1,1,1,5,4,0,1,0,0,0,0,0,4,4,2,0,1,1,1,0,0,0,0,1,1,1,0,0,没有,160.0
110,104秒,2,2,1,1,5,5,3,,2,3,5,5,5,5,5,5,3,2,5,5,5,5,5,5,5,5,1,3,1,0,1,1,0,0,0,3,3,1,1,1,1,1,0,1,1,1,1,1,0,0,0,加强管理,104.0
111,99秒,1,2,3,1,5,6,2,,1,3,4,5,4,4,1,1,2,2,5,5,5,5,5,5,5,5,2,3,1,1,1,0,0,0,0,5,5,1,1,0,0,0,0,1,1,0,1,0,1,0,0,构建系统化噪声防治巡查部门,99.0
112,224秒,1,2,3,2,5,5,3,,2,3,3,3,3,3,3,3,3,2,4,2,3,2,2,3,4,4,3,3,0,0,0,1,0,0,0,3,3,2,1,1,0,0,0,1,1,1,1,1,1,0,0,无,224.0
113,597秒,1,2,1,2,5,5,1,,4,2,1,2,2,1,2,2,1,1,4,3,4,3,4,3,2,3,5,5,0,0,1,0,0,0,0,2,1,4,1,0,0,1,0,1,0,0,1,1,0,0,0,提高总体素质,597.0
114,151秒,1,2,2,5,5,5,2,,5,1,1,3,2,1,4,4,1,1,4,1,1,1,1,1,1,1,5,5,1,0,0,1,0,0,0,5,5,1,0,0,1,1,0,1,1,1,1,1,1,0,0,无,151.0
115,105秒,1,2,2,3,5,5,3,,5,1,1,1,1,1,1,1,1,4,5,5,5,3,3,3,5,5,4,5,0,1,1,0,1,0,0,1,1,2,1,1,1,1,0,0,0,1,1,0,0,0,0,无,105.0
116,792秒,1,3,2,3,3,4,2,2.0,2,5,3,5,5,4,5,3,5,3,5,4,5,5,5,3,5,5,1,1,0,0,1,0,1,0,1,5,3,1,1,1,0,1,0,1,1,1,0,1,1,0,0,投诉那些政府部门座着位置不做为，拿着国家的工资，不做正事不处理事，专注怎么踢皮球各部门推脱责任不够明确用心处理老百姓的事情，特别是宁海县综合执法部门与桃源街道政府部门与街道社区办人员，严重怀疑得力的房子隔音效果差，躁音大空调不安建筑设计规定安放乱搭乱放投诉无门，官官相护，严重影响百姓生活质量健康，上诉中央难点太多，到达县政府所在地办理，就会用上有政策下有对策，中央难查真难查难落实。,792.0
117,267秒,1,3,2,3,3,5,1,3.0,2,2,5,1,5,5,1,1,1,1,5,5,5,3,5,3,5,3,4,5,0,0,1,0,0,0,0,3,3,2,1,1,1,1,0,1,1,1,1,1,1,1,0,实打实干，方案落地,267.0
118,130秒,2,2,1,1,4,4,1,1.0,2,2,4,2,5,1,1,2,2,4,4,3,5,3,5,3,1,3,1,1,1,0,0,1,1,0,0,4,4,2,1,1,1,1,0,1,1,1,1,0,1,0,0,无,130.0
119,198秒,1,2,1,1,5,5,1,,4,2,1,2,2,1,1,1,1,3,2,1,5,3,2,2,3,3,4,4,1,1,0,1,0,0,0,2,2,3,1,1,1,1,0,1,1,1,1,1,1,1,0,无,198.0
120,541秒,2,2,1,2,5,5,2,,1,5,4,5,4,3,2,3,5,2,3,4,5,5,4,2,2,3,4,2,1,1,1,0,1,0,0,5,3,2,1,0,1,1,0,1,1,0,1,1,1,0,0,加大管制,541.0
121,217秒,2,5,3,4,4,1,1,3.0,2,4,2,2,5,2,1,5,4,4,2,1,4,2,5,2,4,2,1,3,1,0,1,0,1,0,0,2,4,3,1,0,1,0,0,0,1,0,0,1,0,0,0,可以出台相关政策,217.0
122,131秒,1,3,1,3,1,6,1,2.0,3,1,2,2,3,1,2,2,2,3,2,2,2,1,2,1,2,2,4,4,0,1,1,0,1,0,0,4,3,1,1,0,1,0,0,0,1,0,1,0,0,1,0,无,131.0
123,116秒,2,4,3,5,2,2,3,3.0,1,2,5,2,2,4,2,4,2,2,4,5,5,1,1,2,4,2,1,4,1,1,1,1,1,1,1,1,5,2,1,1,1,1,0,1,0,1,0,0,0,1,0,可以加大惩罚力度,116.0
124,122秒,1,3,1,4,2,2,2,2.0,3,3,4,3,3,1,2,4,4,1,4,4,3,2,4,4,2,4,2,2,1,1,0,0,0,0,0,2,1,1,0,1,0,1,0,0,1,0,1,0,1,0,0,无,122.0
125,105秒,1,3,1,1,3,6,1,2.0,2,3,4,2,4,3,3,3,2,3,4,2,4,1,4,1,3,3,4,4,0,0,1,0,1,0,0,4,2,1,1,0,1,0,0,0,1,1,0,0,0,1,0,无,105.0
126,55秒,2,4,3,3,1,3,1,2.0,3,4,4,2,4,2,4,2,4,2,1,4,3,2,4,2,4,1,3,4,1,1,0,1,1,1,0,3,3,1,0,1,0,0,0,0,1,0,1,0,0,0,0,可以多举办这个讲座什么,55.0
127,92秒,1,3,1,2,4,4,2,1.0,2,4,4,4,4,4,4,4,3,1,4,4,4,2,4,4,4,4,2,2,1,1,0,0,0,0,0,2,1,1,0,1,1,1,0,0,1,0,1,1,0,0,0,无,92.0
128,122秒,2,3,3,3,3,6,1,2.0,2,2,2,4,2,5,2,5,4,4,2,4,2,5,2,5,1,5,2,2,1,1,0,1,0,1,0,2,4,2,1,1,1,1,1,1,0,1,1,1,1,0,0,举办宣传活动啥的,122.0
129,70秒,2,4,1,1,4,4,1,2.0,2,1,4,2,4,1,5,5,4,4,2,2,4,4,2,4,2,4,3,2,1,1,1,1,1,1,0,4,2,3,1,0,0,1,0,0,0,1,0,0,1,0,0,加大惩罚力度，必须严厉打击,70.0
131,146秒,2,1,1,1,5,5,2,,1,4,3,5,4,3,4,1,5,4,3,2,5,5,3,4,3,4,1,1,1,1,0,1,1,0,0,4,2,1,0,1,1,1,0,1,1,1,0,1,0,1,0,室友能不能安静点,146.0
132,252秒,2,5,1,1,7,1,3,,3,4,1,4,1,5,5,5,1,3,2,2,4,5,1,4,2,5,2,4,0,1,0,1,0,1,0,2,4,2,1,0,1,0,0,0,1,0,1,0,0,0,0,政府可以出台政策,252.0
133,71秒,2,5,1,2,6,3,1,2.0,5,1,1,1,2,2,1,1,1,3,1,4,1,4,1,4,2,4,3,3,1,1,0,1,0,1,0,2,3,1,0,0,1,1,0,0,1,0,0,1,0,0,0,开展活动,71.0
135,54秒,2,1,2,4,2,4,1,1.0,1,2,2,5,1,5,5,2,3,3,2,4,2,5,1,4,1,5,1,3,0,1,0,1,0,0,0,1,4,2,0,1,0,1,0,0,1,0,0,1,0,0,0,村委会可以定期调查,54.0
136,183秒,2,2,2,1,5,5,3,,3,3,2,3,4,1,1,2,4,2,3,2,3,4,4,2,3,4,4,4,0,0,1,1,0,0,0,2,4,2,1,1,1,1,0,1,0,1,1,1,1,0,0,无,183.0
137,147秒,2,3,2,2,4,5,2,2.0,2,3,4,4,4,3,4,4,3,3,4,4,3,4,4,4,4,4,3,3,0,0,1,1,0,0,0,2,2,2,1,1,1,1,0,1,1,1,1,1,1,1,0,无,147.0
138,151秒,2,2,2,1,5,5,1,,3,2,2,1,5,4,4,3,3,1,3,2,4,2,3,2,2,2,4,4,1,0,0,1,0,0,0,5,5,1,1,1,1,1,0,1,1,1,1,1,1,1,0,没有,151.0
139,131秒,2,2,2,1,5,5,3,,3,3,3,4,4,2,2,4,3,4,5,5,5,5,5,4,4,5,3,4,0,0,0,1,0,0,0,2,2,2,0,0,0,1,1,1,1,1,1,1,1,1,0,管管宠物,131.0
140,117秒,2,2,2,1,5,5,1,,4,2,2,2,2,1,1,1,3,2,3,2,2,3,3,1,2,3,5,4,0,0,1,1,1,1,0,4,3,2,1,1,1,1,0,1,1,1,1,1,1,1,0,无,117.0
141,82秒,1,1,1,2,5,5,1,,3,2,4,2,4,2,2,2,2,4,4,4,4,4,4,4,4,4,3,3,0,1,0,0,1,0,0,3,3,1,0,1,0,0,0,0,1,1,0,1,0,0,0,无,82.0
142,86秒,1,3,1,3,6,5,2,2.0,3,2,2,2,2,2,2,2,2,1,2,2,2,2,2,2,2,2,3,3,0,0,1,0,1,0,0,2,2,1,1,0,0,1,0,0,0,1,1,1,0,0,0,无,86.0
143,97秒,1,3,1,2,7,3,2,,2,4,4,4,4,4,4,4,3,1,4,4,4,4,4,4,4,4,2,2,1,1,1,0,0,0,0,3,1,1,0,1,1,0,0,1,0,1,0,1,0,0,0,无,97.0
144,71秒,1,3,1,1,8,4,1,,2,3,4,3,4,3,3,2,3,1,4,4,4,4,4,4,4,4,2,2,1,1,1,1,1,1,0,3,1,1,0,0,1,0,0,1,1,1,1,1,1,1,0,无,71.0
145,139秒,1,3,1,4,3,3,2,1.0,4,3,4,4,4,4,4,4,2,2,4,4,3,4,4,2,3,4,3,3,1,1,1,1,1,1,0,3,3,1,1,1,1,1,0,1,1,1,1,1,1,1,0,无额额额额额额额,139.0
146,75秒,1,3,1,1,3,6,1,2.0,3,3,3,3,3,3,3,3,1,1,3,3,3,3,3,3,3,3,3,3,1,1,1,1,1,1,0,3,3,1,1,1,1,1,0,1,1,1,1,1,1,1,0,嗯嗯嗯嗯嗯嗯嗯这种问卷太好了,75.0
147,69秒,2,2,3,1,5,5,1,,2,2,4,4,4,5,5,4,3,4,4,5,5,4,5,4,4,4,3,3,1,1,1,1,1,1,0,4,3,2,1,1,1,1,0,1,0,1,1,0,0,0,0,无,69.0
148,72秒,2,2,1,1,5,5,3,,4,3,2,3,5,2,1,3,1,4,5,4,4,4,5,4,4,5,3,3,1,0,0,1,0,0,0,4,2,2,1,1,1,1,0,1,1,1,1,1,1,1,0,杭州加油,72.0
149,63秒,2,2,3,2,5,5,1,,5,2,4,4,4,4,4,4,1,1,4,4,4,4,4,4,4,4,4,4,0,1,1,0,0,0,0,3,3,1,1,0,0,0,0,0,0,1,0,1,0,0,0,无,63.0
150,73秒,2,2,2,1,5,5,1,,4,2,3,2,4,3,2,1,3,3,5,5,5,5,5,5,5,5,4,3,0,1,1,0,1,1,0,5,4,1,0,1,0,0,0,1,0,1,1,0,0,1,0,无,73.0
151,105秒,2,2,3,2,5,5,2,,3,3,1,1,3,1,2,4,5,4,5,5,5,3,4,4,5,5,2,3,0,0,1,0,0,0,0,3,3,1,0,1,1,0,0,1,1,1,1,1,1,1,0,无,105.0
152,83秒,2,2,3,2,5,5,1,,3,2,3,2,2,2,2,2,1,1,3,4,3,3,3,3,3,3,4,4,1,0,0,1,0,0,0,3,3,2,1,1,1,1,0,1,1,1,1,1,1,1,0,无,83.0
153,140秒,2,5,3,5,7,1,3,,2,2,4,3,4,3,4,5,2,4,5,3,4,5,3,4,3,5,3,3,0,1,0,1,1,0,0,3,2,2,1,1,0,1,0,1,0,1,0,0,1,0,0,官方管控,140.0
154,134秒,2,2,3,2,5,5,2,,2,3,2,3,4,2,2,3,2,4,3,1,3,3,4,3,3,2,4,3,0,1,1,1,0,0,0,2,2,2,1,1,1,1,0,1,1,1,1,1,1,1,0,避免深夜影响市民休息,134.0
155,94秒,2,2,3,1,5,3,1,,2,2,5,3,5,1,3,1,1,1,3,3,3,3,3,3,3,3,3,3,0,1,0,0,1,0,0,3,3,1,1,1,0,0,0,1,1,0,0,0,0,0,0,建议加强交通与施工噪声管控，优化城市声环境规划，完善夜间噪声执法，同时强化环保宣传，提升公众降噪意识。,94.0
156,66秒,2,2,3,5,5,5,2,,3,4,4,4,5,4,5,5,3,1,4,4,4,4,4,4,4,4,4,4,0,1,1,1,1,0,0,4,4,2,1,1,1,1,0,0,0,0,1,0,0,0,0,无,66.0
157,121秒,2,2,3,1,5,4,3,,5,2,1,2,1,1,2,1,2,3,1,1,1,1,1,1,1,1,5,5,1,0,1,0,0,0,0,5,4,1,1,1,1,1,0,1,1,0,1,1,0,1,0,严格规定装修施工时间,121.0
158,99秒,2,2,3,2,5,4,3,,4,3,4,3,5,3,4,3,3,3,5,5,5,3,5,5,5,5,2,3,1,0,0,0,0,0,0,3,3,1,1,1,1,1,1,1,1,1,1,1,1,1,0,施工真的很吵,99.0
159,70秒,2,2,3,2,5,5,3,,2,3,3,2,4,2,4,2,3,2,3,3,3,3,2,2,2,2,2,2,1,0,0,1,0,0,1,1,1,3,1,0,0,1,0,0,0,1,0,0,1,0,0,无,70.0
160,118秒,2,2,3,1,5,4,2,,3,3,3,3,3,3,2,2,2,3,3,3,3,3,4,2,2,3,3,3,0,0,0,1,0,0,0,3,3,2,0,1,0,1,0,0,1,0,1,0,0,0,0,没有,118.0
161,86秒,2,2,3,2,5,5,2,,3,4,5,5,5,5,5,5,2,3,5,5,5,5,5,5,5,5,2,3,0,1,1,1,1,1,0,2,2,1,1,1,1,1,0,1,1,1,1,1,1,1,0,无,86.0
162,105秒,2,2,3,2,5,5,3,,3,2,1,3,2,1,1,1,1,2,3,3,4,4,5,2,1,2,5,5,1,0,0,0,0,0,0,4,2,2,0,0,0,1,0,0,0,0,1,0,0,0,0,无,105.0
163,111秒,2,2,3,2,5,5,2,,2,5,4,5,5,3,3,5,3,4,4,4,4,3,4,3,3,3,2,2,0,0,0,1,0,0,0,3,3,1,1,1,1,1,0,0,1,1,1,1,1,1,0,无,111.0
164,141秒,1,3,2,2,1,5,1,2.0,4,1,2,3,1,1,1,3,2,1,4,2,4,5,4,2,2,2,4,3,0,0,1,0,1,0,0,5,5,1,1,1,1,1,0,1,0,1,0,0,0,1,0,加强监督管理,141.0
165,228秒,1,4,2,3,4,4,1,1.0,2,4,4,1,1,1,1,4,3,4,5,4,5,4,5,5,5,5,1,2,0,1,0,0,1,1,0,2,1,2,1,0,1,1,0,0,0,1,0,1,0,1,0,罚钱,228.0
166,188秒,2,3,2,5,2,2,3,3.0,5,1,1,2,1,1,2,5,2,4,2,1,2,3,4,3,2,5,5,4,0,1,1,1,0,0,0,1,1,2,1,0,1,1,0,0,1,0,1,0,1,1,0,农村管管狗叫,188.0
167,288秒,1,1,2,1,5,3,1,,4,1,2,4,1,1,1,2,1,4,5,2,4,3,4,4,3,4,3,4,0,0,0,0,0,0,1,4,1,2,0,1,0,0,0,1,0,1,0,0,0,0,0,少打瓦,288.0
168,290秒,2,5,2,4,7,1,3,,4,3,1,2,2,1,2,4,3,3,1,1,4,3,5,4,4,3,4,3,0,1,0,1,0,0,0,1,1,2,1,0,0,1,1,1,1,1,1,0,0,0,0,好,290.0
169,169秒,1,4,2,5,7,2,2,,3,3,2,3,2,1,2,4,1,4,3,2,4,3,4,3,5,4,4,3,0,1,0,1,0,0,0,1,1,2,0,0,1,1,0,1,1,0,0,1,0,0,0,6,169.0
170,283秒,1,5,1,1,7,2,1,,2,2,5,3,4,5,3,2,2,4,4,5,4,2,4,4,4,5,2,3,0,1,1,0,0,0,0,1,1,1,0,1,1,1,0,1,1,0,1,0,0,1,0,加大地区管控,283.0
171,261秒,2,3,2,1,1,6,1,2.0,4,1,1,2,2,1,3,2,1,4,4,3,2,4,2,2,4,4,5,4,0,0,1,1,0,0,0,4,3,2,1,1,1,1,0,0,0,1,0,1,0,1,0,好,261.0
172,236秒,2,5,3,2,7,1,1,,4,2,2,3,3,4,3,5,2,3,5,3,4,3,3,2,4,3,3,5,1,1,1,0,0,0,0,2,1,2,0,0,0,1,0,0,1,0,0,1,1,0,0,无,236.0
173,96秒,1,3,1,1,6,5,2,1.0,3,2,4,2,4,3,3,4,2,1,4,4,3,4,4,4,4,4,2,3,0,1,0,1,1,0,0,3,4,1,0,0,1,1,0,0,1,0,1,0,1,0,0,无,96.0
174,89秒,1,3,1,2,6,5,2,2.0,2,4,4,5,5,2,4,5,3,3,4,4,4,4,4,4,4,4,1,1,0,1,1,1,0,0,0,1,1,1,1,1,1,1,0,1,1,1,1,1,1,1,0,无,89.0
175,118秒,1,5,2,3,7,1,3,,5,3,2,3,2,3,4,3,2,4,4,3,3,4,3,2,2,3,4,3,1,1,0,1,0,0,0,1,1,3,0,1,0,1,0,1,0,1,0,0,1,0,0,好,118.0
176,92秒,2,2,1,1,8,4,1,,3,1,2,2,1,4,1,2,3,4,4,2,3,3,2,3,4,3,4,4,0,1,0,1,0,0,0,1,1,1,1,1,1,1,0,0,1,1,1,0,0,1,0,6,92.0
177,91秒,2,1,3,2,5,1,1,,4,2,3,1,3,2,1,4,1,4,2,3,5,2,4,4,3,5,3,3,0,1,0,1,0,0,0,3,2,2,1,1,0,0,0,0,0,1,1,1,0,0,0,治理,91.0
178,138秒,1,1,2,1,8,2,2,,1,5,4,4,4,3,1,2,4,4,4,3,3,4,4,4,4,4,1,1,0,0,1,1,0,0,0,2,1,1,1,1,1,1,0,1,1,1,1,1,1,1,0,赶紧治理,138.0
179,235秒,1,3,1,1,6,5,1,3.0,2,3,2,2,2,2,2,2,2,4,4,2,3,2,5,4,2,4,3,3,0,0,1,0,0,0,0,4,2,2,1,0,1,0,0,1,0,1,0,0,1,0,0,监管不到位,235.0
180,76秒,1,5,1,2,5,5,1,,3,2,3,4,2,4,3,3,4,1,4,4,4,4,4,4,4,4,3,3,0,1,1,0,1,0,0,3,3,1,1,1,0,0,0,0,0,1,1,1,0,0,0,无,76.0
181,296秒,1,3,1,2,6,1,2,1.0,3,4,4,5,4,4,5,4,3,3,4,4,4,4,4,4,4,4,2,2,1,1,1,1,1,1,0,2,2,1,1,0,1,1,0,0,1,1,0,0,1,0,0,无,296.0
182,708秒,1,4,1,2,3,3,1,2.0,2,2,4,4,4,4,4,4,2,2,4,4,4,4,4,4,4,4,3,3,0,0,1,1,1,0,0,3,3,1,0,1,1,0,0,0,1,0,1,0,0,0,0,无,708.0
183,78秒,1,4,2,1,1,5,2,3.0,2,4,4,4,3,3,5,3,4,4,4,4,3,4,3,4,3,5,4,4,0,0,1,1,1,1,0,3,3,1,0,1,0,1,0,0,1,0,1,1,0,1,0,加强管理,78.0
184,95秒,1,1,2,1,5,2,2,,1,4,4,4,4,4,4,4,3,4,4,4,3,3,3,3,4,3,1,1,0,1,1,1,0,0,0,3,1,1,1,1,0,0,0,1,1,0,0,1,0,0,0,控制噪音源,95.0
185,100秒,1,3,2,2,4,3,2,2.0,2,4,3,2,4,3,2,4,3,1,4,2,4,3,2,4,2,3,1,2,0,1,0,1,0,0,0,2,1,1,1,0,0,1,0,0,1,0,1,0,0,1,0,6,100.0
186,72秒,2,5,2,1,7,1,3,,2,4,4,4,4,3,4,4,4,4,4,4,3,3,3,3,3,4,2,2,0,1,1,0,0,0,0,1,1,2,1,0,1,0,0,1,1,0,0,0,1,0,0,政府多管管,72.0
187,131秒,1,1,2,1,5,1,1,,4,2,4,3,4,3,3,3,2,4,4,2,3,3,4,2,3,2,4,3,0,0,1,0,0,0,0,2,2,2,1,1,0,0,0,0,1,1,0,1,0,0,0,好,131.0
188,81秒,2,1,2,1,5,1,3,,2,4,4,4,4,4,4,4,4,4,4,3,4,3,4,5,4,4,2,2,0,1,1,1,1,0,0,1,1,2,1,1,1,1,0,1,1,1,1,1,1,1,0,加油,81.0
189,92秒,2,3,2,2,4,3,2,2.0,2,4,4,3,4,3,4,3,4,4,4,3,4,4,4,5,4,3,2,2,0,1,0,0,1,0,0,4,1,2,1,1,1,1,0,1,0,1,1,0,1,0,0,罚款,92.0
190,130秒,2,4,2,3,7,2,3,,2,4,4,3,4,3,4,4,3,1,4,4,3,4,4,4,3,4,2,2,0,1,0,1,1,0,0,4,2,1,1,0,1,1,0,0,1,0,1,0,0,1,0,惩罚,130.0
191,75秒,1,4,3,4,1,5,3,2.0,2,4,4,3,4,4,3,4,4,4,5,3,4,4,4,4,4,3,1,2,0,1,0,1,1,0,0,4,2,1,1,0,1,1,0,0,1,0,1,0,1,0,0,6,75.0
192,73秒,2,5,2,1,7,2,3,,2,3,4,2,4,2,3,3,3,4,3,3,4,3,4,4,4,4,3,2,0,0,1,1,0,0,0,3,1,2,1,0,1,1,0,0,1,0,1,0,0,1,0,6,73.0
193,68秒,1,3,2,2,3,3,2,3.0,1,5,5,5,3,3,3,3,4,4,4,3,4,3,4,3,3,4,2,2,0,1,0,1,0,0,0,3,1,1,1,1,1,1,0,0,1,0,1,0,0,1,0,加强监管,68.0
194,62秒,2,3,2,4,2,1,2,3.0,2,4,4,4,3,5,4,4,4,4,4,2,4,4,4,4,4,5,2,2,0,1,0,1,0,0,0,3,1,1,0,1,0,1,0,1,0,0,1,0,1,0,0,政府,62.0
195,52秒,2,1,2,1,5,2,2,,2,4,4,3,4,2,5,4,4,3,3,3,3,3,4,4,4,4,2,2,0,1,1,1,1,0,0,4,2,2,1,1,0,1,0,0,1,1,0,0,1,0,0,5,52.0
196,55秒,2,2,2,3,5,2,2,,2,4,4,3,4,3,4,3,3,4,5,4,4,3,4,4,4,4,1,2,0,1,0,1,0,0,0,4,2,2,0,1,1,1,0,1,0,0,1,0,0,1,0,落地政策,55.0
197,58秒,1,3,2,2,2,3,2,3.0,2,4,4,2,2,4,3,4,3,4,3,2,4,2,4,4,4,4,3,3,0,0,1,1,0,0,0,2,2,2,1,1,1,1,0,0,1,0,1,0,1,0,0,管,58.0
198,62秒,2,2,2,5,4,2,3,3.0,2,3,5,3,3,3,3,4,4,4,4,4,5,4,5,4,4,4,2,2,0,1,0,1,1,0,0,2,2,1,0,1,0,1,0,1,0,0,1,1,1,1,1,管管,62.0
199,59秒,1,4,1,1,6,4,1,2.0,4,2,3,3,3,3,1,3,2,3,4,2,4,2,4,4,3,3,3,3,0,1,1,1,0,1,0,3,3,1,1,1,1,0,0,0,1,0,1,1,0,0,0,6,59.0
201,51秒,2,3,2,1,1,6,1,2.0,3,3,4,3,4,3,2,2,2,4,4,4,3,3,3,3,3,4,4,4,0,1,1,0,1,0,0,5,5,1,1,1,0,1,0,0,1,0,0,1,0,1,0,5,51.0
202,60秒,2,3,2,2,4,2,2,1.0,2,4,4,3,3,5,4,3,4,4,3,2,4,3,4,4,4,4,2,2,0,1,0,0,1,0,0,1,1,2,1,1,1,1,0,1,0,0,1,1,0,0,0,6,60.0
203,54秒,1,3,1,2,4,3,2,1.0,2,4,5,2,3,5,3,3,4,4,3,3,4,4,5,5,4,3,3,2,0,1,0,1,1,0,0,2,2,2,1,1,1,0,0,1,0,0,1,0,0,0,0,5,54.0
207,125秒,1,3,2,5,2,1,3,3.0,3,4,4,3,3,4,2,4,2,3,4,3,4,3,3,3,3,3,3,3,0,1,0,1,0,0,0,2,2,2,1,1,1,1,0,0,1,0,1,0,0,0,0,6,125.0
209,69秒,2,5,3,4,6,6,2,2.0,4,3,5,5,1,5,2,4,5,3,2,5,1,5,1,2,2,4,2,4,0,1,0,1,1,0,0,1,4,2,1,1,0,1,0,0,1,0,0,1,0,0,0,可以将墙改造成隔音墙,69.0
210,52秒,2,4,2,1,3,1,3,3.0,5,4,2,2,2,2,2,2,1,1,1,1,1,1,1,3,1,3,5,4,1,0,1,1,0,0,0,2,4,1,1,1,1,1,0,1,0,1,0,0,0,1,0,优化城市布局,52.0
211,53秒,2,5,2,3,8,3,1,,2,3,5,5,2,4,2,4,2,4,2,4,2,4,1,5,1,4,2,4,0,1,0,1,1,0,0,2,4,3,0,1,1,1,0,1,0,0,0,1,0,0,0,加大监管力度,53.0
213,57秒,1,3,2,1,8,1,2,,5,1,2,4,1,4,1,4,3,4,1,4,1,4,2,4,1,4,3,2,1,0,1,0,1,0,0,1,5,2,0,1,0,1,0,0,1,0,0,1,0,0,0,小区可以多放隔音材料,57.0
214,179秒,1,5,2,1,7,2,1,,2,2,4,1,5,2,2,4,3,3,4,3,2,1,3,1,1,3,4,2,0,1,0,1,1,0,0,1,1,1,0,1,1,1,0,1,1,0,1,1,1,0,0,加大监管,179.0
218,122秒,1,2,2,1,3,1,2,2.0,2,3,4,4,4,4,4,4,3,2,4,3,3,3,3,3,3,3,3,3,0,0,1,0,0,0,0,3,3,2,0,1,0,0,0,0,0,0,1,0,0,0,0,无,122.0
219,86秒,2,3,1,2,3,3,2,2.0,2,3,4,4,4,4,4,4,3,2,3,3,3,3,3,3,3,3,3,3,0,0,0,1,0,0,0,3,3,2,0,0,1,0,0,1,1,1,1,1,1,1,0,无,86.0
220,124秒,1,4,2,2,2,1,2,1.0,4,3,4,2,4,1,4,1,2,2,2,4,2,4,2,5,1,5,2,5,1,0,1,1,1,0,0,2,4,4,1,1,0,1,0,1,1,0,1,0,1,0,0,无,124.0
221,443秒,1,3,2,2,2,2,2,2.0,2,4,3,3,3,3,3,3,2,4,4,3,4,3,4,3,4,3,2,2,1,0,1,0,0,0,0,1,1,2,1,0,1,0,0,0,0,1,1,0,0,0,0,6,443.0
222,270秒,2,5,2,5,5,3,2,,3,3,3,4,2,4,2,4,4,2,2,3,3,3,4,3,3,4,4,4,0,0,0,0,1,0,0,3,3,3,1,0,1,0,0,0,0,1,0,0,0,1,0,无,270.0
223,294秒,2,2,2,1,1,4,2,1.0,5,3,2,4,3,2,4,3,2,1,4,4,2,5,2,4,2,4,2,4,0,1,0,1,0,0,0,2,4,3,0,1,0,1,0,1,0,0,0,0,1,0,0,完善投诉机制,294.0
224,127秒,2,4,1,4,6,1,1,1.0,3,4,4,2,4,2,4,1,4,2,2,5,2,4,2,5,2,5,2,4,0,1,0,0,1,0,0,2,4,4,1,1,1,1,0,1,0,1,0,0,1,0,0,加强宣传,127.0
225,324秒,2,1,3,2,5,5,2,,2,2,4,3,5,1,4,3,2,3,4,2,5,3,4,5,3,3,4,3,0,0,1,1,0,0,0,5,3,1,0,1,0,1,0,0,1,0,1,1,1,0,0,规范企业,324.0
226,130秒,2,3,2,2,4,1,2,1.0,2,4,4,3,4,3,4,4,4,4,4,3,4,3,3,4,4,4,3,3,0,0,1,0,1,0,0,2,2,2,1,1,0,0,0,0,1,0,0,1,0,0,0,6,130.0
228,130秒,2,3,2,2,3,3,2,3.0,3,5,3,3,4,2,4,3,3,2,2,4,2,4,2,4,2,4,1,5,0,1,0,1,0,0,0,2,4,2,0,1,1,0,0,0,1,0,0,0,1,0,0,家长给孩子多科普,130.0
229,83秒,1,3,1,3,3,2,3,3.0,2,4,4,3,4,4,3,3,4,4,4,3,4,3,4,4,3,4,2,2,0,1,0,1,0,0,0,2,2,2,0,1,1,0,0,0,1,0,1,0,0,0,0,6,83.0
231,83秒,2,5,3,5,8,5,2,,4,3,4,2,4,4,2,4,4,3,4,2,4,3,4,3,4,3,2,4,1,0,0,0,0,0,0,1,1,1,1,0,1,0,0,0,1,0,0,0,1,0,0,物业整改,83.0
232,66秒,2,1,3,2,8,2,3,,1,5,5,5,5,5,5,5,2,4,3,3,3,4,2,4,2,3,1,1,0,1,1,1,1,0,0,2,2,2,1,1,0,0,0,0,1,0,1,0,0,1,0,，6,66.0
233,129秒,1,5,2,2,2,1,3,1.0,1,1,5,5,5,5,5,5,1,4,5,1,1,1,5,1,5,1,1,1,1,0,0,1,0,0,0,1,1,1,1,0,0,1,0,1,1,0,0,1,1,0,0,合理规划工期,129.0
234,116秒,1,4,2,2,2,2,2,3.0,2,4,4,4,4,4,4,4,4,4,4,4,3,4,4,4,3,4,1,1,0,1,1,1,0,0,0,1,1,1,1,1,0,1,0,1,1,0,1,0,0,0,0,3,116.0
235,164秒,1,1,1,1,1,6,3,3.0,5,5,1,1,1,1,1,1,1,4,1,1,1,1,1,1,1,1,2,4,1,1,0,1,0,1,0,1,2,1,1,0,0,1,0,1,0,0,1,0,0,1,0,高架桥可以远离住宅区,164.0
236,51秒,2,4,1,3,4,2,3,1.0,2,4,4,3,3,4,4,4,4,4,4,4,3,3,4,4,3,3,3,3,0,1,0,1,0,0,0,2,2,2,0,1,0,1,0,0,1,0,1,1,0,0,0,6,51.0
237,75秒,1,1,1,1,5,5,3,,1,1,5,5,5,5,5,5,5,1,5,5,5,5,5,5,5,5,1,5,1,0,0,0,0,1,0,1,5,5,1,0,0,1,0,1,0,1,0,0,0,1,0,加大噪音治理,75.0
238,98秒,2,2,1,2,2,3,2,1.0,3,3,2,4,1,4,1,5,1,3,1,5,2,1,4,1,5,1,2,4,0,0,0,0,1,0,0,2,4,1,1,0,0,1,0,1,0,0,1,0,0,1,0,入户门加装密封条，堵住门缝漏音,98.0
239,53秒,1,5,1,1,7,6,1,,5,1,3,2,2,1,1,2,1,4,3,3,3,3,3,3,3,3,4,4,0,0,0,0,0,0,1,4,4,2,1,1,1,1,0,1,1,0,1,0,0,0,0,很好,53.0
240,73秒,2,3,3,2,3,6,1,2.0,2,3,5,2,1,5,1,5,4,4,2,4,1,4,1,4,2,4,1,5,0,0,0,1,1,0,0,2,4,3,0,0,1,0,0,0,1,0,0,1,0,0,0,卧室门换实木复合门，减少空心门传音,73.0
241,71秒,1,4,3,1,3,4,2,2.0,3,3,4,1,4,5,1,5,2,3,2,4,1,5,1,5,4,1,1,5,0,0,1,0,1,0,0,2,4,3,0,1,1,0,0,0,1,0,0,1,0,0,0,门框四周加装断桥铝双层中空玻璃,71.0
242,104秒,1,3,3,1,6,3,1,2.0,4,3,3,3,3,4,4,4,2,1,3,4,4,3,3,4,4,3,3,3,0,1,1,0,1,0,0,4,3,2,1,1,0,0,0,1,0,1,0,0,1,0,0,很好,104.0
245,112秒,1,2,2,2,5,5,1,,2,2,3,1,5,1,5,4,3,1,2,4,1,5,2,5,1,5,1,4,1,0,1,0,0,1,0,2,4,2,1,1,0,1,0,0,1,0,1,0,0,0,0,普通玻璃贴音防爆膜,112.0
246,80秒,1,1,2,3,5,4,2,,5,2,1,1,1,1,1,1,2,4,1,1,1,1,1,1,1,1,2,4,1,0,0,1,0,1,0,2,4,2,1,0,0,1,0,0,1,1,0,1,0,1,0,玄关摆放高柜，绿植墙挡传音,80.0
247,100秒,2,4,3,2,4,5,1,1.0,2,4,4,3,4,4,3,4,3,4,4,3,4,4,3,3,4,3,2,2,0,1,0,1,0,0,1,4,2,2,1,1,1,0,0,1,1,0,1,1,0,0,0,6,100.0
249,76秒,1,2,2,2,4,2,2,3.0,2,4,4,3,4,3,4,4,3,4,3,2,4,4,3,3,4,4,2,2,0,1,1,0,0,0,0,5,2,2,1,0,0,1,0,0,1,0,0,1,1,0,0,6,76.0
250,63秒,1,2,1,3,8,2,1,,2,3,4,2,5,1,5,5,1,2,2,4,1,5,1,4,3,4,2,4,1,0,1,0,0,1,0,2,4,1,0,1,0,0,1,0,1,0,0,0,1,0,0,老旧窗户更换静音滑轮，减少推拉异响,63.0
251,80秒,2,4,2,3,1,2,1,2.0,5,4,2,5,5,1,5,2,4,2,1,5,5,1,4,2,3,3,3,4,1,0,1,0,1,0,0,2,4,1,1,1,1,0,1,0,1,0,1,0,0,1,0,卧室门底部加装门底隔音隔断柜,80.0
252,117秒,2,4,3,3,8,4,1,,4,2,4,2,4,1,5,3,2,3,3,4,1,4,1,4,1,4,5,1,1,0,1,0,1,0,0,4,1,1,0,1,1,0,0,0,1,0,0,1,0,0,0,墙面加装聚酯纤维隔音板,117.0
253,118秒,1,4,3,3,9,4,3,2.0,2,5,2,4,4,5,1,5,5,3,1,5,5,1,4,2,4,2,3,4,0,1,0,0,1,0,0,2,4,1,1,1,0,0,1,0,1,0,0,0,1,0,0,可客厅卧室铺隔音棉再漆,118.0
254,384秒,1,2,2,2,5,6,1,,3,4,4,3,4,3,3,3,2,4,4,3,3,3,2,4,2,3,2,2,0,0,1,0,1,0,0,2,2,2,0,1,0,0,0,0,0,0,0,0,1,0,0,86,384.0
255,108秒,2,4,2,4,6,3,2,2.0,3,4,4,2,4,1,5,1,5,2,5,5,5,4,5,4,5,3,1,5,1,0,1,0,0,1,0,2,5,1,0,1,1,0,0,0,0,1,0,0,1,0,0,楼下噪音大，做吊顶隔音,108.0
256,69秒,1,2,3,3,5,3,2,,2,3,4,4,3,4,3,3,2,2,4,3,3,3,4,3,3,4,2,2,0,1,1,1,0,0,0,4,2,2,1,0,1,0,0,0,0,1,1,0,0,0,0,6,69.0
258,91秒,1,5,3,3,3,3,1,2.0,3,3,1,5,3,4,4,3,2,2,2,3,1,4,3,2,4,4,2,4,0,0,1,0,1,0,0,3,2,3,1,0,0,0,1,0,1,0,0,0,0,1,0,远离空调外机、风机位置布置床位,91.0
259,134秒,2,3,3,4,2,1,3,2.0,2,4,3,4,3,3,4,4,3,4,4,3,4,4,3,4,4,3,2,2,0,0,1,0,1,0,0,4,2,2,1,1,1,1,0,0,1,1,0,1,0,0,0,6,134.0
260,73秒,1,4,2,3,8,3,2,,5,5,2,5,5,5,1,5,5,1,1,4,2,4,1,4,4,4,2,5,1,0,0,1,0,0,0,2,5,3,0,1,0,0,0,0,0,0,1,1,0,0,0,洗衣机放平稳,73.0
261,103秒,2,4,1,3,7,4,2,,2,4,4,4,3,3,3,4,4,4,4,3,4,4,4,4,4,3,2,2,0,0,1,0,1,0,0,3,2,2,0,1,1,0,0,0,1,1,0,0,1,0,0,6,103.0
262,178秒,2,3,3,2,9,3,2,2.0,4,5,2,3,4,5,3,2,3,2,2,3,2,3,4,3,1,1,3,3,0,0,1,1,0,0,0,2,3,5,0,0,1,0,1,0,0,1,0,0,0,0,0,床头不要靠电梯、楼道、下水管道墙,178.0
263,149秒,1,1,1,1,2,2,2,2.0,5,4,3,4,2,4,3,5,4,2,1,5,2,5,1,4,2,4,2,2,0,0,0,1,0,1,0,2,4,2,0,0,1,0,0,0,1,0,0,0,0,0,0,配备降噪耳机,149.0
265,86秒,1,3,3,4,4,5,1,2.0,3,4,1,2,4,3,3,4,3,4,3,2,4,2,5,1,2,2,4,3,0,1,0,0,1,0,0,2,1,4,1,0,1,0,0,0,1,0,0,0,0,1,0,室内空调定期清洗滤网，降低风噪,86.0
266,76秒,1,3,1,3,3,4,3,2.0,5,4,2,4,2,4,2,4,3,3,2,3,3,2,2,2,1,3,2,3,1,0,0,1,0,0,1,2,4,3,0,0,1,0,0,1,0,0,0,0,1,0,0,垫隔音垫子,76.0
267,76秒,1,3,1,3,4,6,1,3.0,3,2,4,3,3,2,2,4,2,3,3,1,3,4,3,2,4,3,2,3,1,0,0,1,0,0,0,2,3,5,0,0,1,0,0,1,0,0,0,0,0,1,0,扫地机器人选静音款，设定白天工作,76.0
268,86秒,2,2,3,4,4,4,1,2.0,2,5,4,4,2,2,4,4,4,3,1,4,4,2,4,2,2,4,2,2,1,0,0,1,0,0,0,1,4,4,0,0,1,0,0,1,0,0,0,0,1,0,0,邻里友好沟通,86.0
269,107秒,1,4,2,5,5,4,2,,3,3,1,3,4,3,4,2,4,2,2,3,2,4,1,4,2,3,2,4,0,0,0,0,0,1,0,3,3,1,0,1,0,0,0,0,0,0,1,0,0,0,0,午休、夜间使用静音白噪音掩盖噪音,107.0
270,103秒,2,2,3,4,8,4,2,,2,4,4,1,4,2,4,4,3,3,1,5,1,4,2,2,4,1,3,5,0,1,0,0,0,0,0,2,5,3,0,0,1,0,0,0,0,1,0,0,0,0,0,工地马路上加装全套隔音墙,103.0
271,427秒,2,4,3,1,1,5,1,2.0,3,3,4,3,3,4,4,3,3,3,3,3,4,4,4,3,3,3,2,2,0,1,1,1,1,1,0,5,5,2,1,1,1,1,0,1,1,0,1,1,1,0,0,6,427.0
272,115秒,2,5,3,4,7,4,1,,5,3,2,3,2,4,4,2,1,2,2,2,4,2,2,5,1,4,4,3,0,0,0,1,0,0,1,2,4,5,1,0,0,1,0,0,0,1,0,0,0,0,0,宠物训练定点安静活动，避免深夜吠叫,115.0
273,121秒,1,5,3,5,3,3,3,3.0,3,4,4,4,1,4,1,4,5,3,2,4,1,4,4,5,1,4,3,5,0,1,0,1,0,0,0,1,5,2,1,0,1,0,0,0,0,1,0,0,1,0,0,租房优先选择不靠路边的,121.0
274,83秒,1,3,3,2,4,4,2,1.0,3,4,4,3,4,3,4,4,3,4,4,3,4,3,4,4,4,3,2,2,0,1,0,1,1,0,0,4,3,2,1,0,1,1,0,1,0,0,1,1,0,0,0,6,83.0
275,107秒,1,3,1,4,3,2,3,3.0,3,2,2,2,2,4,4,4,3,4,4,3,4,2,5,2,3,2,2,3,0,1,0,1,0,0,0,2,3,3,0,0,1,0,0,0,0,0,0,0,1,0,0,收纳箱、塑料物品轻挪轻放，减少碰撞声,107.0
276,100秒,2,1,2,3,2,5,1,2.0,2,4,4,2,2,5,1,5,3,4,1,5,1,5,2,4,2,4,2,2,0,1,0,0,1,0,0,2,4,2,1,1,0,1,0,0,1,0,0,1,0,0,0,阳台做绿植花架，多层绿植吸音降噪,100.0
277,76秒,1,3,1,4,4,3,3,1.0,5,2,3,2,2,4,4,2,5,3,4,2,4,2,4,2,4,2,3,2,0,0,1,1,0,0,0,3,2,3,0,1,0,0,0,0,0,0,1,1,0,0,0,户外广场舞、车流区关闭靠噪音侧窗户,76.0
278,90秒,1,3,2,4,3,4,3,2.0,5,3,4,2,4,2,4,1,4,2,2,5,1,4,2,5,4,2,2,4,0,0,1,0,0,0,0,2,4,4,0,1,0,1,0,0,0,1,0,0,1,0,0,养成规律作息，用隔音装备,90.0
279,86秒,2,4,2,3,4,4,2,2.0,4,4,3,2,4,4,3,3,1,3,3,2,3,2,3,2,4,2,3,2,0,1,0,0,0,1,0,3,2,2,1,0,0,0,0,0,0,1,0,0,1,0,0,午休、夜间使用静音白噪音掩盖噪音,86.0
280,90秒,2,2,1,4,5,3,2,,2,5,2,4,1,4,4,1,3,2,1,4,1,4,2,4,4,2,2,5,0,0,1,0,0,0,0,1,5,4,0,0,1,0,0,0,1,0,0,1,0,0,0,电梯旁房间做额外墙面隔音加固,90.0
281,283秒,1,3,1,2,3,3,2,2.0,2,4,4,3,4,4,2,3,2,4,4,3,4,3,4,3,3,4,2,2,0,1,1,1,0,0,0,4,3,2,1,1,0,1,0,0,1,1,0,1,0,0,0,6,283.0
282,125秒,2,2,1,2,2,2,1,2.0,5,4,3,3,4,2,2,4,3,4,3,2,4,2,4,2,4,2,3,2,0,0,1,0,1,0,0,3,2,3,0,0,1,0,1,0,0,0,0,0,1,0,0,书房墙面装吸音板、挂布艺挂毯,125.0
283,55秒,1,3,2,4,4,2,2,1.0,2,4,4,3,4,3,4,4,3,4,3,4,4,3,4,3,3,4,2,2,0,0,1,0,1,1,0,4,2,2,0,1,0,1,1,1,1,0,1,1,0,0,0,6,55.0
284,52秒,2,3,1,1,1,5,2,3.0,2,4,3,3,3,3,3,3,3,4,4,3,4,3,3,4,3,3,3,2,1,1,0,1,0,0,0,3,2,2,0,1,0,1,0,0,1,1,0,1,0,0,0,6,52.0
285,196秒,2,3,3,5,7,3,2,,3,5,4,1,5,1,4,2,4,2,2,4,2,4,4,2,4,3,3,4,0,0,1,0,0,1,0,2,4,3,0,0,0,1,0,1,0,0,1,0,0,0,0,洗衣机下方铺专营减震垫,196.0
286,52秒,2,3,2,2,4,3,2,3.0,4,3,3,4,3,4,4,3,2,4,3,3,4,3,3,4,4,3,2,2,0,0,1,1,1,0,0,3,3,2,0,1,1,1,0,0,1,1,0,0,1,0,0,6,52.0
287,245秒,2,5,3,2,2,2,1,1.0,3,3,4,3,3,4,3,3,2,1,2,3,3,2,3,2,3,4,3,4,1,0,0,0,1,0,0,3,2,2,0,1,1,0,0,0,0,0,1,0,0,1,0,饮水机摆放平稳，减少烧水震动声,245.0
288,137秒,2,5,3,4,3,4,2,2.0,5,4,5,2,4,1,2,5,5,2,2,5,1,4,1,4,4,1,1,1,0,1,0,0,0,1,0,2,4,3,0,1,0,0,0,0,0,1,0,0,1,0,0,床脚套用硅胶,137.0
289,135秒,1,5,1,2,1,2,1,1.0,3,2,3,4,3,2,4,5,4,1,3,2,4,2,4,2,4,2,3,4,1,0,0,1,0,0,0,3,4,3,0,1,0,0,0,0,1,0,0,1,0,0,0,毛坯墙先铺隔音棉再刷漆,135.0
290,235秒,1,3,3,1,2,3,3,2.0,4,4,4,3,3,4,4,3,4,4,3,3,4,3,3,4,3,4,3,2,0,0,1,0,0,0,0,3,2,2,0,1,0,1,0,1,1,0,1,0,0,0,0,6,235.0
291,134秒,1,3,1,4,4,4,3,2.0,1,4,3,2,4,1,4,4,1,2,2,5,1,4,2,4,2,4,2,4,0,0,1,1,0,0,0,2,5,1,0,1,0,0,0,0,1,0,0,0,0,0,0,床头不要靠电梯，楼道,134.0
292,137秒,2,4,3,4,2,4,2,1.0,5,2,3,4,3,3,4,4,4,1,3,2,4,3,4,2,4,2,2,4,0,0,1,0,1,0,0,2,3,2,0,1,0,0,0,1,1,1,0,1,0,0,0,窗边缝隙用发泡胶填充密封,137.0
293,153秒,1,3,3,3,7,5,3,,2,4,4,2,4,4,4,4,2,2,2,4,2,4,2,4,2,4,2,4,0,0,0,1,0,0,1,2,4,4,0,0,1,0,0,0,0,1,1,0,0,0,1,隔音板,153.0
294,242秒,2,4,3,3,8,3,3,,4,4,2,2,4,3,3,4,2,2,2,3,2,4,2,4,3,3,3,4,0,0,1,0,1,0,0,2,4,4,0,0,1,0,0,0,0,0,1,0,0,1,0,办公桌下铺隔音地毯，隔绝脚步外界声,242.0
295,176秒,2,4,3,2,4,2,2,2.0,5,3,5,4,4,2,4,2,4,3,1,2,2,4,2,4,2,4,3,5,0,1,0,1,0,0,1,2,4,3,0,1,0,1,0,1,0,0,1,0,0,0,0,广场舞，物化噪音戴降噪耳机,176.0
296,186秒,1,3,3,1,6,1,2,2.0,4,2,4,3,3,3,3,4,4,4,3,2,3,3,4,2,3,1,3,2,1,0,0,0,0,1,0,3,4,5,1,0,0,0,0,0,0,0,1,0,0,1,0,投影仪、路由器远离床头，减少电流嗡鸣,186.0
297,96秒,1,3,3,4,3,4,3,2.0,2,4,4,4,3,4,2,4,5,4,1,4,2,4,4,4,3,3,3,4,0,0,1,0,0,1,0,2,4,4,0,1,1,0,0,0,1,0,1,0,0,0,0,卫生间，厨房吊顶内管道做成减震吊件,96.0
298,99秒,2,5,3,4,4,2,2,2.0,1,4,3,2,4,2,4,4,3,1,2,3,4,2,4,3,4,2,3,2,0,1,0,1,0,0,0,2,3,1,0,1,0,0,0,0,1,0,0,0,0,1,0,沙发、床架螺丝定期拧紧，避免松动异响,99.0
299,93秒,1,2,1,3,5,4,2,,2,4,3,2,2,4,2,3,5,2,2,2,2,3,2,3,2,2,2,1,1,0,0,1,0,0,0,4,4,4,1,0,1,0,1,0,0,0,1,0,1,0,0,床头抽屉加装阻尼滑轨,93.0
300,92秒,2,3,3,1,2,2,1,1.0,5,4,3,3,3,4,2,4,2,2,4,2,3,2,4,2,4,2,2,3,0,1,0,0,0,1,0,4,2,4,1,0,0,1,0,0,0,0,1,1,0,0,0,闲置纸箱塞满旧衣服，靠墙挡噪音,92.0
301,100秒,1,3,3,5,6,4,2,1.0,2,5,4,3,3,3,4,2,3,2,2,2,3,2,2,2,4,3,2,4,0,0,0,1,1,0,0,4,4,5,0,0,1,0,0,0,1,0,1,0,0,1,0,门缝塞毛巾，旧衣服临时隔音,100.0
302,112秒,2,2,2,2,5,4,3,,1,2,2,2,3,4,2,3,4,2,2,3,2,4,2,4,2,3,3,2,0,1,0,1,0,0,0,3,2,3,1,1,0,0,0,1,0,0,0,0,1,0,0,调低低音炮音量，减少低频共振扰民,112.0
303,111秒,2,4,3,2,3,6,2,1.0,2,3,3,2,4,2,4,2,2,3,2,4,2,3,3,3,4,3,4,1,0,1,0,1,0,0,0,2,4,5,0,1,0,1,0,0,0,1,0,0,1,0,0,台灯选驱动无频闪,111.0
304,130秒,2,4,1,1,2,6,2,2.0,3,4,2,3,3,4,3,2,5,3,3,2,3,2,4,2,1,4,2,4,0,1,1,0,0,1,0,5,2,2,1,1,0,0,1,0,1,0,1,0,0,1,0,楼栋设备房、水泵房周边墙面做专业隔音改造,130.0
305,135秒,1,3,3,3,6,2,2,2.0,3,4,1,4,5,3,3,4,5,1,1,4,2,4,4,2,4,3,2,2,0,1,1,0,1,0,0,2,4,3,0,1,1,1,0,0,1,0,1,0,1,0,0,调低低音炮音量 避免回声放大,135.0
306,139秒,2,2,1,5,4,2,2,2.0,5,3,5,5,5,5,5,5,3,4,2,1,1,5,2,4,2,5,3,2,0,1,0,0,1,0,0,3,2,2,1,0,0,0,0,0,1,0,0,0,0,0,0,充电头、适配器选品牌低噪款，消除电流啸叫,139.0
307,148秒,2,4,1,4,4,5,2,3.0,2,5,2,3,4,2,4,2,3,3,2,2,4,2,3,1,2,4,2,2,0,0,1,0,0,1,0,2,4,3,0,1,0,0,0,0,0,1,0,0,0,1,0,闲置电器及时断电,148.0
308,107秒,1,3,1,2,4,4,1,2.0,4,4,3,2,2,1,1,1,3,2,3,1,3,2,4,2,5,2,2,4,0,0,1,0,0,0,0,2,4,4,1,0,0,0,0,0,1,0,0,1,0,0,0,物业反馈加装园区减速带，减少车辆鸣笛,107.0
309,140秒,2,3,3,4,2,2,3,2.0,3,4,4,2,4,2,4,2,3,1,1,4,4,4,4,4,4,3,2,2,0,1,0,0,1,0,0,1,4,4,0,0,1,0,0,0,1,0,0,1,0,0,0,电竞主机加装静音水冷,140.0
310,210秒,2,4,1,3,5,3,2,,3,1,3,3,3,2,4,4,1,4,2,2,4,2,4,2,4,2,2,3,1,0,0,1,0,1,0,2,3,2,0,1,1,0,0,0,1,0,0,0,1,0,0,楼栋设备房、水泵房周边墙面做专业隔音改造,210.0
311,209秒,2,3,1,2,2,3,3,2.0,2,4,3,3,2,4,1,4,3,4,2,3,2,4,2,4,2,4,2,4,0,1,0,0,1,0,0,2,3,3,0,0,1,0,0,0,1,0,0,0,1,0,0,小区绿化多种灌木乔木,209.0
312,154秒,1,2,1,4,5,4,2,,4,5,3,4,2,1,3,5,4,3,2,3,1,4,5,2,5,2,3,4,0,1,0,0,1,0,0,2,3,2,0,1,0,0,0,0,0,1,0,1,0,0,0,无线充电器选静音无嗡鸣型号,154.0
313,229秒,1,4,1,4,4,4,2,2.0,2,4,2,4,2,4,2,2,3,2,2,3,2,3,2,4,2,4,2,4,1,0,1,0,1,0,0,2,3,3,0,1,0,1,0,0,1,0,0,0,0,1,0,路由器光猫远离床头,229.0
314,161秒,2,3,3,4,2,5,3,1.0,3,5,3,2,3,3,4,4,5,1,3,2,3,4,3,3,2,3,2,4,0,1,0,0,0,0,0,2,3,4,1,0,0,0,0,0,0,0,0,1,0,0,0,门缝塞毛巾、旧衣服临时隔音,161.0
315,161秒,2,2,1,3,5,5,2,,3,2,1,3,2,3,3,2,2,4,1,3,2,3,2,3,3,2,3,3,0,1,0,0,1,0,0,2,3,3,1,0,1,0,1,0,1,0,0,0,1,0,0,教育孩子不拖拉椅子，不剁椒乱跳,161.0
316,87秒,2,5,2,2,8,3,3,,4,3,3,2,3,3,2,4,3,4,4,2,2,3,2,4,2,3,2,4,1,0,1,0,0,1,0,3,2,3,0,1,0,1,0,0,1,0,0,1,0,0,0,玩具全部换成静音软胶、布艺款,87.0
317,99秒,1,3,3,4,4,4,2,1.0,4,4,3,3,3,3,1,2,4,1,4,2,3,2,3,2,4,2,3,2,0,1,0,1,0,0,0,2,4,2,0,0,1,0,0,0,1,0,0,1,0,0,0,"玩具全部换成静音软胶、布艺款
禁止穿轮滑、暴走鞋在室内滑行",99.0
318,146秒,1,3,3,2,7,5,2,,1,4,2,2,2,1,2,3,3,2,2,2,2,2,1,2,1,1,2,2,0,1,0,0,1,0,0,2,3,4,0,0,1,0,1,0,1,0,0,1,0,0,0,儿童房地面全覆盖泡沫静音地垫,146.0
319,83秒,2,2,2,1,3,5,1,3.0,4,4,2,3,4,2,3,3,4,2,3,4,2,4,2,4,3,2,3,2,0,0,1,0,1,0,0,3,4,4,1,1,0,0,0,0,0,1,0,0,0,0,0,"雨水落水管外侧贴隔音棉，雨天减噪
洗衣机排水管固定牢固，避免拍打管壁",83.0
320,126秒,1,1,1,2,2,2,2,1.0,4,5,2,2,3,2,3,5,5,2,3,2,4,3,3,2,4,2,4,3,1,0,0,1,0,0,0,2,4,4,0,1,0,1,0,0,0,1,0,0,1,0,0,多放置仿真绿植、编织藤艺家具,126.0
321,133秒,2,4,1,1,3,5,2,2.0,2,4,5,2,4,2,4,4,4,4,1,4,4,2,4,4,3,3,2,5,0,1,0,0,0,1,0,2,4,3,0,1,1,0,0,0,1,0,0,0,0,0,0,对铺布艺沙发,133.0
322,189秒,2,1,1,2,5,3,2,,4,4,4,2,4,5,3,3,4,2,2,3,2,4,2,4,2,4,2,4,1,0,1,0,1,0,0,2,3,1,0,1,0,1,0,1,0,0,0,1,0,0,0,"墙内暗管空鼓处用砂浆填实，减少共振
雨水落水管外侧贴隔音棉，雨天减噪",189.0
323,147秒,2,1,1,2,5,5,2,,2,4,4,3,3,4,2,4,4,3,3,2,4,3,4,2,4,3,3,4,0,0,1,0,0,0,0,4,3,4,1,0,1,1,0,0,1,0,0,0,0,0,0,"卫生间、厨房吊顶内管道做减震吊件
洗手盆、洗菜盆下水换静音防臭软管
加装存水弯，减少下水气流轰鸣噪音
马桶进水阀换静音款，避免注水异响
墙内暗管空鼓处用砂浆填实，减少共振",147.0
324,197秒,2,3,3,3,4,3,2,1.0,3,4,4,1,4,1,4,4,3,2,2,4,2,4,4,2,3,4,2,2,0,0,1,0,0,1,0,2,4,3,0,1,1,0,0,0,1,0,0,0,0,0,0,加装存水弯，减少下水气流轰鸣噪音,197.0
325,145秒,2,3,3,3,5,5,2,,3,4,5,1,1,5,2,2,3,2,3,5,2,4,2,5,1,5,4,3,0,1,0,0,1,0,0,2,4,4,1,1,0,1,0,0,0,1,0,0,0,0,1,"排水管道和墙体之间垫软胶隔震
厨房水槽加装缓冲垫，减少碗筷碰撞声
封闭多余管道孔洞，防止噪音串层
阳台地漏定期疏通，避免气流怪响
全屋管道接口加装静音缓冲胶圈",145.0
326,101秒,2,2,2,3,3,6,1,2.0,3,2,3,2,4,2,3,3,3,1,3,2,3,2,4,2,4,3,3,3,1,0,0,1,0,0,0,5,2,1,1,0,1,0,0,0,0,1,0,1,0,0,0,"楼梯靠墙一侧加装隔音板，减少回声扩散
室内承重墙不随意开槽打孔，防止破坏隔音结构
新房验收重点查墙体空鼓，空鼓会放大噪音
飘窗内部空腔填充隔音材料，消除共鸣嗡嗡声
阳台隔断墙做加厚加固，不做单薄轻质墙
走廊过道做局部吸音吊顶，降低回声嘈杂感
入户玄关做实体隔断墙，代替镂空通透隔断",101.0
327,187秒,2,3,3,4,3,6,2,1.0,3,4,4,1,4,2,4,4,4,2,2,4,2,3,4,3,4,3,2,5,0,1,1,0,1,1,0,1,5,5,0,1,1,0,0,0,1,0,0,0,0,0,1,窗户增加隔音帘子,187.0
328,224秒,2,2,3,4,5,5,1,,4,2,4,4,3,2,4,4,2,2,4,2,2,4,3,4,4,2,2,4,1,0,0,0,1,0,0,1,2,1,0,0,0,1,0,0,0,0,0,0,0,0,1,"选用 Low-E 中空隔音玻璃，阻隔低频噪音
窗型材腔体内部灌注隔音填充剂
窗户安装采用悬浮安装法，不硬性贴墙传震",224.0
329,222秒,2,4,3,2,4,5,2,3.0,2,1,3,4,4,3,3,5,4,4,1,2,1,1,1,1,1,1,2,4,0,1,0,0,0,1,0,3,2,4,0,0,1,1,0,0,0,1,0,0,0,0,0,"临街窗户做内开内倒，关闭后密封更严实
窗台摆放厚重石材 + 大型盆栽，物理挡音
多扇窗户不要同时全开，避免形成风道增噪
老旧窗滑轮全部更换静音尼龙轮，无异响摩擦
窗户锁点加装缓冲胶垫，关窗无撞击巨响",222.0
330,222秒,2,4,1,2,3,5,2,2.0,4,3,3,2,2,1,4,5,5,3,3,5,2,4,2,1,4,2,2,4,0,1,0,0,1,0,0,2,3,4,1,0,1,0,0,0,0,0,1,0,1,0,0,"窗户锁点加装缓冲胶垫，关窗无撞击巨响
落地窗中间加竖框加固，减少玻璃共振晃动
窗外侧加装隔音防尘网，弱化车流高频噪音
次卧、书房统一升级同等级隔音窗，不留短板
飘窗窗户加装隐形密封条，细微缝隙不漏音
台风大风天关严窗户，减少窗框晃动异响",222.0
331,212秒,2,2,3,3,5,5,1,,2,4,4,3,3,4,3,4,3,1,1,5,2,4,3,3,4,2,3,5,0,1,0,0,0,1,0,2,4,3,1,0,1,1,0,0,1,0,0,0,1,0,0,空气净化器调夜间静音档位,212.0
332,174秒,2,2,3,1,5,5,3,,5,3,1,3,4,5,3,4,4,2,2,4,2,4,1,4,2,4,4,3,0,0,0,0,1,0,0,2,4,3,0,1,0,1,0,0,0,1,0,0,0,1,0,"新房建筑强制采用隔音分户墙、隔音楼板工艺
装修公司推广静音门窗、静音管道、阻尼隔音工艺
下水管道施工标配隔音棉、阻尼片包裹工艺
装修施工严格遵守时间，不违规深夜扰民施工
设计师户型布局把卧室远离电梯、设备间、马路
推广浮筑地面、减震吊顶专业隔音装修方案
装修工地采用静音切割机、无尘低噪施工工具
精装房标配加厚隔音窗帘、门缝密封条基础配置",174.0
333,179秒,2,2,2,1,4,5,1,2.0,4,2,2,3,3,4,2,3,4,3,4,2,3,4,2,4,2,3,3,2,0,1,0,0,0,0,0,2,4,4,0,1,1,1,0,0,0,0,1,1,0,0,0,"沿街门店禁止使用高分贝户外喇叭、循环广告音
餐饮店油烟机、风机加装隔音罩与减震底座
商场超市调低背景音乐音量，不嘈杂刺耳",179.0
334,183秒,2,2,1,2,5,5,3,,3,2,2,2,3,4,3,1,4,3,2,3,2,4,2,4,2,4,2,4,0,1,0,1,1,0,0,3,2,2,0,1,1,0,0,0,1,0,0,1,0,0,0,"电梯定期维保降噪，减少运行异响与共振
小区儿童游乐区远离卧室楼栋，设置隔音缓冲
夜间关闭小区不必要景观灯光与噪音设备",183.0
335,197秒,2,3,3,2,3,5,3,1.0,2,4,4,1,4,2,4,2,5,3,1,5,2,4,4,4,3,3,2,5,0,1,1,0,0,1,0,2,4,3,0,1,1,0,0,0,1,0,0,1,0,0,0,旧房翻新优先做门窗密封，管道隔音，墙面吸音,197.0
336,115秒,2,2,2,1,5,6,1,,4,2,5,3,3,3,2,4,2,2,2,3,3,2,4,2,4,2,4,3,0,0,1,0,1,0,0,3,2,2,1,1,1,0,0,0,1,0,1,0,1,0,0,"校园周边禁止流动摊贩、高分贝广告聚集
教会学生轻声说话、轻声走路，养成降噪习惯
教室门窗加装密封条，隔绝校外车流噪音",115.0
337,154秒,2,3,2,3,3,6,2,1.0,4,1,2,3,4,2,4,2,5,2,4,2,3,2,4,2,3,3,4,3,0,1,0,1,0,0,0,3,2,3,1,0,0,1,0,0,1,0,1,0,0,0,0,"校园课间铃声调低音量，改用柔和音乐提示
教室墙面、吊顶加装吸音板，降低室内回声
教学楼远离操场、运动场高噪区域合理布局
宿舍制定严格作息，夜间禁止喧哗、打闹、外放
校园广播分区域控制音量，不全域高分贝播放
体育课集体活动远离教学楼、办公楼安静区域",154.0
338,209秒,2,3,3,2,4,5,2,2.0,4,2,3,3,2,4,4,3,3,1,2,3,2,4,2,4,3,4,2,3,0,1,1,0,0,1,0,2,3,2,1,1,0,0,0,1,0,0,1,0,0,0,0,"楼梯、阳台护栏选用低噪结构，减少风吹共振声
装修施工垃圾搬运避开休息时段，轻运轻放
门窗安装采用软连接工艺，切断声桥传递
别墅自建房主动做庭院隔音围墙、绿植隔离
吊顶全部采用减震吊钩，杜绝楼上脚步传音",209.0
339,292秒,1,3,2,3,3,2,2,1.0,2,4,4,4,2,4,2,4,4,3,2,4,4,2,2,4,4,4,1,5,0,1,0,1,0,0,0,2,4,2,0,1,1,0,0,0,1,0,0,0,1,0,0,禁止学生在校内改造电动车,292.0
340,213秒,2,3,1,3,3,3,2,3.0,4,3,2,2,2,5,3,3,3,3,4,2,3,4,2,3,2,3,4,3,1,0,0,1,1,0,0,3,3,4,0,0,1,0,1,1,0,0,0,1,0,0,0,"校园广播分区域控制音量，不全域高分贝播放
体育课集体活动远离教学楼、办公楼安静区域
实验室高噪设备加装隔音罩、限定使用时段
校园周边禁止流动摊贩、高分贝广告聚集
教会学生轻声说话、轻声走路，养成降噪习惯
教室门窗加装密封条，隔绝校外车流噪音
校园食堂严控餐具碰撞、大声喧哗，文明就餐",213.0
341,169秒,1,3,2,2,3,5,2,1.0,4,3,3,2,3,4,2,3,4,1,3,3,4,3,3,4,2,4,3,3,0,1,1,0,0,1,0,3,3,3,0,1,0,0,0,0,1,1,0,1,0,0,0,"教室门窗加装密封条，隔绝校外车流噪音
校园食堂严控餐具碰撞、大声喧哗，文明就餐
培训机构教室做隔音隔断，避免班级互相串音
校园绿化密植绿植，形成教学区隔音缓冲带
禁止学生在校内改装电动车、摩托轰鸣竞速
图书馆、自习室严格静音管理，杜绝交谈外放",169.0
342,168秒,1,1,1,1,3,3,3,2.0,2,5,3,3,3,4,2,4,4,3,3,3,4,3,2,4,4,3,4,3,0,0,1,1,0,0,0,4,3,3,0,0,0,0,1,0,1,0,1,0,0,0,0,"医院周边划定严控禁鸣、禁高音宣传区域
病房地面铺静音防滑地材，减少脚步回声
医用推车全部做静音轮、减震防撞设计
手术室、ICU 保持绝对静音，严控外界噪音传入
医院食堂排风、油烟机加装隔音降噪设施
养老院内娱乐活动限定场地、限定音量时间
医院电梯定期静音维保，减少运行震动噪音
院内商铺、便利店禁止外放音响广告
医院绿化加密隔音绿植，隔离马路车流噪音
建立院内静音管理制度，全员遵守降噪规范",168.0
343,217秒,2,2,2,1,5,5,3,,3,2,4,1,4,1,2,2,3,3,3,2,3,1,2,2,3,3,4,3,1,0,1,1,0,0,0,2,2,2,1,1,1,1,0,0,1,0,1,1,1,1,0,暂无,217.0
347,56秒,1,2,1,2,1,5,1,2.0,4,3,3,2,3,4,2,2,2,3,3,3,4,2,3,4,3,3,4,3,0,1,1,1,1,0,0,3,3,2,1,1,1,1,0,1,1,1,1,0,1,0,0,兑,56.0
348,55秒,1,3,1,2,3,5,2,3.0,2,4,4,4,4,5,4,2,4,4,4,3,4,4,4,4,3,4,2,2,0,1,1,1,1,0,0,2,2,2,1,0,1,0,0,1,0,1,1,0,0,1,0,线性子空间,55.0
351,387秒,1,2,1,2,3,5,1,2.0,3,2,2,5,5,2,5,2,2,4,3,3,1,3,2,2,4,1,4,2,1,0,1,0,1,0,0,2,4,4,0,1,0,1,0,0,1,1,0,0,0,1,0,"媒体跟踪报道城市降噪治理成果，强化全民意识
倡导全民共建安静城市、安静社区、安静居家环境",387.0
352,373秒,2,4,3,2,3,5,2,3.0,2,3,1,1,5,1,5,1,3,2,3,1,1,1,3,2,1,4,4,2,0,1,0,0,1,0,0,4,2,5,0,1,0,1,0,0,0,1,0,1,0,0,0,推广白噪音，祝眠静音内容,373.0
354,136秒,2,4,3,1,3,5,3,3.0,5,3,4,1,5,3,5,2,3,2,4,1,4,1,4,2,4,2,3,5,0,1,0,1,0,0,0,2,4,3,0,1,1,0,0,0,0,1,0,0,1,0,0,"不在出租屋深夜聚会、聚餐、大声喧闹
搬家、拆装家具、钻孔维修尽量选白天工作日
床位远离楼道、厕所、公共走廊噪音一侧
用厚床帘、隔断帘打造私人静音睡眠空间",136.0
355,120秒,1,4,1,2,3,5,2,1.0,2,4,1,5,1,5,2,4,2,1,1,5,2,2,1,4,2,5,3,5,0,0,1,0,1,0,0,2,5,3,1,0,1,0,0,0,0,1,1,0,0,0,0,日常生活轻拿轻放,120.0
356,134秒,2,4,2,2,1,6,1,2.0,3,4,5,3,1,4,4,1,4,3,2,4,2,5,1,4,1,4,5,4,0,1,0,1,0,1,0,2,4,3,1,0,1,0,0,1,0,1,1,0,0,0,0,"医院保洁、维修作业避开病人午休和夜间休息
医院中央空调、新风系统做管道消音减震处理
住院探视规定轻声交流，不大声聊天喊话",134.0
357,132秒,1,3,1,3,3,5,2,2.0,2,4,5,1,4,2,4,2,3,2,2,4,2,4,1,4,1,4,2,4,0,1,0,0,1,0,0,2,4,4,0,1,0,0,1,0,1,0,0,1,0,0,0,打游戏控制音量外放,132.0
358,67秒,1,2,3,1,3,3,1,1.0,3,4,4,2,4,3,3,3,3,4,4,3,4,3,4,3,4,4,2,2,0,1,1,0,1,0,0,2,2,2,0,1,1,0,0,1,1,0,1,0,0,0,0,政策,67.0
359,121秒,1,1,1,4,5,3,2,,3,4,3,2,5,1,3,4,3,3,2,5,2,5,2,4,1,4,1,3,0,1,0,0,1,0,0,2,3,4,1,0,0,1,0,0,1,0,0,1,0,0,0,"校园绿化密植绿植，形成教学区隔音缓冲带
禁止学生在校内改装电动车、摩托轰鸣竞速
图书馆、自习室严格静音管理，杜绝交谈外放
校园基建维修施工避开教学时间与午休
宿舍桌椅脚统一加装静音胶套，减少拖动噪音",121.0
360,118秒,1,4,2,1,3,5,1,2.0,2,2,1,4,4,1,5,1,3,3,2,5,1,5,1,4,2,4,2,4,1,0,1,0,1,0,0,2,4,2,0,1,1,0,0,0,1,0,0,1,0,0,0,校园课间铃声调低音量,118.0
361,155秒,2,3,2,2,3,5,1,2.0,1,2,1,1,1,1,1,1,2,4,2,4,2,5,2,5,1,3,3,2,1,1,1,1,1,1,0,3,4,5,1,0,0,1,0,1,1,0,0,0,1,0,0,"水电走管避开卧室床头墙面，减少共振传音
装配式建筑优化构件拼接，减少空腔共鸣噪音
外墙选材优先吸音降噪材质，减少外界噪音反射
装修避免大面积硬质光滑墙面，多用吸音软装设计",155.0
362,123秒,2,1,1,1,4,4,2,3.0,1,3,2,5,5,1,5,3,4,4,5,4,3,2,1,2,3,4,1,4,0,0,1,0,1,0,0,2,4,3,1,0,1,0,0,0,0,1,0,0,1,0,0,加工工厂房四周建设隔音墙,123.0
363,59秒,1,4,1,3,4,2,2,1.0,2,4,4,3,3,4,3,3,2,4,3,2,3,2,3,3,4,3,2,2,0,1,1,0,0,0,0,2,2,2,1,1,1,0,0,1,0,1,1,0,1,0,0,6,59.0
364,112秒,2,4,3,4,3,2,3,3.0,5,5,1,2,3,4,5,4,1,1,1,2,3,4,5,4,3,2,2,2,1,0,0,1,0,0,0,1,2,5,0,1,0,0,1,1,0,0,1,0,0,0,0,"小区严格管控装修时间，午休、夜间禁止敲打钻孔
楼道禁止大声喧哗、追逐打闹、拖拽家具
规范小区广场舞点位，限定音量、限定结束时间",112.0
365,112秒,2,1,1,3,3,5,2,2.0,4,3,5,4,3,2,1,2,4,3,1,2,3,1,5,4,2,5,3,4,0,0,0,1,0,0,0,2,4,5,1,0,1,0,0,0,1,0,0,1,0,0,0,禁止住户阳台露台使用大功率音响外放,112.0
366,121秒,1,3,2,2,3,5,3,2.0,5,4,5,4,3,2,1,2,3,3,5,4,3,4,5,2,1,2,4,3,0,1,0,1,0,0,0,4,3,4,1,0,1,0,0,0,1,0,1,1,0,0,0,"机场周边划定噪音管控区，限制夜间航班起降
城市配送货车统一规定静音通行时段与路线
非机动车道规范行驶，禁止改装摩托炸街扰民",121.0
367,119秒,1,4,2,2,3,5,2,2.0,3,4,4,3,2,3,4,2,3,3,2,4,2,4,2,4,3,3,2,4,0,0,1,0,0,1,0,2,4,3,0,1,0,1,0,0,0,0,1,0,1,0,0,城市道路临街一侧统一建设道路隔音屏障,119.0
369,108秒,2,4,3,3,3,6,3,3.0,2,4,4,3,2,2,4,1,3,1,3,2,4,2,4,2,4,1,2,3,0,1,0,0,1,0,0,2,1,3,0,1,0,1,0,0,1,0,0,0,1,0,0,"出台建筑隔音设计强制标准，新房必须达标验收
管控沿街商铺音响广告、流动宣传车高分贝外放
城市轨道交通、地铁沿线加装全封闭隔音屏障",108.0
370,122秒,1,1,2,5,5,3,3,,5,5,2,4,1,4,1,4,3,2,2,1,4,2,4,1,4,1,2,5,0,0,1,0,1,0,0,2,4,5,0,1,0,1,0,0,1,0,1,1,0,0,0,完善城市噪音污染管控法规,122.0
371,171秒,1,5,2,1,3,5,3,2.0,3,3,5,2,2,1,3,4,4,2,2,2,4,1,5,2,4,3,4,1,0,1,1,0,0,1,0,2,4,4,1,0,1,1,0,0,0,1,0,0,1,0,0,"对工地钻机、破碎机等高噪设备实行限时禁用
开展全民噪音文明宣传，普及降噪生活理念
严格管控烟花爆竹、露天庆典高分贝燃放活动
规划城市工业区远离居民区，设置缓冲隔离带",171.0
372,85秒,1,2,2,2,5,3,2,,2,4,4,4,4,4,4,3,3,4,4,3,4,3,3,3,4,4,2,2,0,1,1,1,0,0,0,2,2,2,1,1,1,0,0,1,1,1,0,0,0,0,0,好,85.0
373,184秒,2,4,3,2,3,5,3,2.0,4,2,4,1,2,4,2,4,4,1,4,2,5,2,5,1,4,2,2,4,0,1,0,1,0,0,0,2,4,2,0,1,0,1,0,0,1,0,0,0,1,0,0,高架桥，快速路段全段加装隔声降噪,184.0
374,73秒,2,4,1,4,2,2,2,3.0,2,4,4,3,3,4,3,3,4,4,4,2,3,4,3,3,3,4,2,2,0,1,1,1,0,0,0,3,2,2,1,0,1,1,0,1,0,1,1,0,0,0,0,6,73.0
375,111秒,1,4,2,1,3,5,2,2.0,2,4,4,2,3,1,3,2,1,3,2,4,1,4,2,3,1,5,4,3,0,1,0,0,1,0,0,2,3,1,0,0,0,1,0,0,1,0,0,0,1,0,0,"城市配送货车统一规定静音通行时段与路线
非机动车道规范行驶，禁止改装摩托炸街扰民
新建变电站、水泵房远离住宅，做专业隔音设计
道路减速带改用静音减速带，减少车辆颠簸噪音",111.0
376,105秒,1,2,2,1,5,5,3,,4,3,2,4,5,1,5,5,5,1,1,4,2,4,2,4,1,4,4,1,0,1,0,1,0,1,0,2,4,3,1,0,1,1,0,0,1,0,0,0,1,0,0,管控小区商铺沿街外放音响，促销喇叭,105.0
377,110秒,1,4,1,2,3,5,3,2.0,5,3,2,3,2,4,1,2,3,3,2,3,1,4,2,4,2,4,2,4,0,1,0,1,0,1,1,2,3,1,1,0,1,0,0,0,0,1,1,0,0,0,0,"规范小区广场舞点位，限定音量、限定结束时间
小区公共音响、广播调低音量，避免全天循环播放
定期检修小区水泵房、配电房、风机房做隔音降噪",110.0
378,120秒,1,5,1,5,2,1,1,2.0,3,3,4,2,4,1,4,2,5,4,1,4,2,4,2,4,1,4,2,4,0,1,1,0,0,1,0,2,4,3,1,0,1,1,0,0,0,1,0,1,0,0,0,建立业主噪音投诉群，及时反馈整改问题,120.0
379,126秒,2,2,1,3,3,3,2,1.0,4,1,2,4,3,2,3,2,3,3,4,2,4,3,2,4,2,4,3,2,0,0,0,1,0,0,0,2,4,5,0,1,1,1,0,0,0,1,0,0,1,0,0,"沿街门店禁止使用高分贝户外喇叭、循环广告音
餐饮店油烟机、风机加装隔音罩与减震底座",126.0
380,111秒,1,3,3,3,3,5,1,1.0,2,5,1,2,4,1,4,2,5,4,2,4,1,2,2,4,1,4,2,4,0,1,1,0,0,1,0,2,4,2,1,0,1,0,0,0,1,1,0,1,1,0,0,装修公司推广静音门窗，静音管道，阻尼隔音工艺,111.0
381,110秒,2,3,2,2,3,5,2,2.0,4,4,5,2,4,2,4,2,4,4,2,3,1,4,3,3,2,4,3,2,0,1,0,1,0,0,1,4,3,4,0,1,0,1,0,0,0,0,1,0,1,0,0,"教学楼远离操场、运动场高噪区域合理布局
宿舍制定严格作息，夜间禁止喧哗、打闹、外放
校园广播分区域控制音量，不全域高分贝播放",110.0
382,149秒,2,3,2,1,4,3,3,2.0,3,2,2,1,2,1,1,1,3,3,2,2,5,2,3,2,2,3,4,4,0,0,1,1,0,0,0,2,2,2,1,1,1,1,0,1,1,1,1,1,1,1,0,无,149.0
383,119秒,2,4,2,2,3,6,3,2.0,1,1,4,2,3,5,1,5,5,1,2,4,2,1,4,2,4,3,3,4,0,1,0,0,1,0,0,2,4,4,0,1,0,1,0,0,0,1,0,0,0,1,0,校园食堂严控餐具碰撞，大声喧哗，文明就餐,119.0
384,189秒,1,3,1,1,3,3,2,2.0,2,2,4,1,4,2,4,2,3,2,3,2,4,1,5,3,2,5,2,4,0,1,1,0,0,0,0,2,3,5,0,1,1,0,0,0,0,1,0,1,0,0,0,"培训机构教室做隔音隔断，避免班级互相串音
校园绿化密植绿植，形成教学区隔音缓冲带
禁止学生在校内改装电动车、摩托轰鸣竞速
图书馆、自习室严格静音管理，杜绝交谈外放",189.0
385,193秒,2,3,3,3,4,5,2,1.0,2,4,4,3,2,4,2,4,4,3,2,5,2,4,1,4,1,2,2,4,0,1,0,0,1,0,0,2,4,3,0,1,1,0,0,0,0,1,1,1,0,0,0,对超标排放噪音进行处理,193.0
386,106秒,1,2,2,3,3,5,3,3.0,4,3,2,2,4,3,1,3,3,3,3,4,2,4,2,4,3,2,2,4,0,1,1,0,1,1,0,3,2,4,1,0,1,0,0,0,0,1,0,0,1,0,0,"培训机构教室做隔音隔断，避免班级互相串音
校园绿化密植绿植，形成教学区隔音缓冲带
禁止学生在校内改装电动车、摩托轰鸣竞速
图书馆、自习室严格静音管理，杜绝交谈外放",106.0
387,96秒,2,3,2,2,7,5,2,,2,3,4,2,1,4,4,4,5,3,4,3,3,3,1,4,1,4,3,3,1,0,0,1,1,0,0,4,2,3,1,1,0,0,1,1,0,0,1,0,0,1,0,出台降噪专项政策,96.0
388,89秒,1,3,2,2,3,3,2,2.0,2,4,4,3,4,3,3,4,3,3,4,3,3,4,3,4,3,4,2,2,0,1,1,0,0,0,0,1,1,2,1,1,1,0,0,1,0,1,0,1,0,1,0,6,89.0
389,95秒,1,4,1,1,3,5,2,2.0,3,3,3,2,4,1,5,3,3,2,3,2,4,3,4,2,4,3,3,4,0,1,0,0,0,1,0,2,4,4,1,0,1,0,0,0,0,0,1,0,0,1,0,"明确城管、环保部门噪音执法权限，避免推诿扯皮 
开展企业噪音排放信用评级，对评级优秀的企业给予政策优惠
限制城区直升机、无人机等低空飞行设备在居民区上空飞行",95.0
390,108秒,1,5,2,2,3,5,3,2.0,5,4,2,4,1,4,1,4,3,2,1,5,1,5,1,4,2,4,3,4,1,0,1,0,1,0,0,2,4,1,1,1,0,1,0,0,1,0,0,1,1,0,0,优化公交路线，避开居民去密集区域,108.0
391,138秒,1,2,1,2,3,5,2,2.0,4,3,5,2,4,2,4,3,4,2,3,2,4,3,2,5,1,4,3,5,0,1,0,1,0,0,1,3,4,3,0,1,0,1,0,0,1,0,0,0,1,0,0,限制重型货车、渣土车在居民区周边通行，划定专用路线和时段,138.0
392,53秒,2,2,1,2,5,1,1,,5,1,1,4,1,1,1,3,1,3,3,3,2,3,2,4,2,3,4,4,0,0,1,0,0,0,0,1,1,2,1,0,1,0,0,1,0,1,0,0,1,0,0,加油,53.0
393,118秒,1,5,2,1,3,5,2,2.0,3,5,4,2,4,2,4,4,3,2,2,5,1,4,2,4,2,4,2,4,0,0,1,0,0,1,0,2,4,3,0,1,0,1,0,0,1,0,1,1,0,0,0,铁路沿线居民加装隔音墙和围音墙,118.0
394,96秒,1,1,2,2,5,5,3,,5,2,1,2,4,5,2,4,3,1,4,2,4,3,4,3,3,4,2,4,0,1,0,1,1,0,0,3,4,4,1,0,0,1,0,0,1,0,1,0,1,0,0,推广新能源公交车、出租车，减少燃油车辆噪音污染,96.0
395,92秒,2,5,1,3,8,5,2,,2,4,4,2,4,1,4,2,3,4,2,4,2,4,3,1,5,3,2,5,0,1,0,1,0,1,0,2,3,4,1,0,1,1,0,0,1,0,0,0,1,0,0,在学校医院门口设置静音区域,92.0
396,99秒,1,3,3,3,5,5,2,,2,3,3,2,4,2,4,3,3,3,2,4,3,2,4,3,4,2,3,4,0,1,0,1,0,1,0,2,4,3,0,1,0,1,0,1,0,1,0,1,0,0,0,优化地铁运行调度，减少夜间地铁运行频次和噪音,99.0
397,184秒,2,3,3,2,4,4,1,3.0,3,3,3,3,2,1,2,2,4,3,2,2,2,2,2,3,2,2,3,3,1,1,0,1,0,0,0,2,1,1,1,1,1,1,0,1,1,1,1,1,1,1,0,无,184.0
398,119秒,2,4,2,1,3,2,1,1.0,2,4,4,3,3,3,4,2,2,3,4,3,3,3,4,3,3,4,2,2,0,1,1,1,0,0,0,2,3,2,1,0,1,0,0,1,0,1,0,0,1,0,0,失去,119.0
399,107秒,2,2,2,3,6,4,2,2.0,2,3,2,3,1,4,3,4,3,3,2,5,2,4,2,4,1,5,3,4,0,1,0,1,0,1,0,3,4,1,0,1,0,1,0,0,1,0,1,0,0,1,0,定期检查小区公共设施,107.0
400,118秒,2,4,2,2,1,3,3,2.0,4,3,4,3,2,3,4,3,3,2,5,3,4,4,3,3,3,5,1,4,0,1,1,0,0,1,0,3,4,3,1,1,1,0,0,0,1,0,0,1,0,0,0,管控小区内装修施工，要求施工方使用静音设备，办理施工许可,118.0
401,116秒,2,3,1,5,2,1,1,1.0,4,4,2,4,1,4,3,4,4,2,1,4,3,3,2,4,5,3,3,4,1,0,1,0,1,0,0,2,3,4,0,1,0,1,0,0,1,0,0,1,0,0,0,电梯定期维护，更换老化部件,116.0
402,107秒,1,5,2,2,4,2,2,2.0,3,3,3,3,1,4,3,5,3,2,5,3,4,2,4,3,1,4,3,4,0,1,0,1,1,0,0,3,5,2,0,1,0,1,0,0,0,1,0,0,1,0,0,小区绿化补种高大绿植，打造楼栋之间的隔音屏障,107.0
403,113秒,1,4,3,4,3,4,2,2.0,2,5,4,2,4,1,4,4,2,1,2,4,4,1,4,3,4,4,2,5,0,1,1,0,1,1,0,1,3,2,1,1,0,1,0,0,0,1,1,0,0,1,0,小区门禁系统选用静音款,113.0
404,130秒,2,2,2,2,9,3,3,1.0,4,3,3,2,4,2,5,2,4,4,3,4,2,4,1,3,2,4,2,4,0,0,0,0,1,0,0,3,4,4,0,1,0,1,0,1,0,0,1,0,0,0,0,为小区楼道加装吸音材料，减少回声和脚步声传播,130.0
405,108秒,2,3,3,3,3,6,2,2.0,2,2,4,2,4,1,4,4,3,2,2,4,5,4,2,4,4,2,2,4,1,0,1,0,1,0,0,3,4,2,1,0,1,1,0,1,0,1,1,0,0,1,0,在小区内置静音休息区,108.0
406,111秒,2,3,1,5,2,4,3,1.0,3,1,3,4,4,3,2,5,3,3,2,3,3,2,2,4,3,1,3,4,0,1,0,1,0,0,0,2,4,2,0,1,0,1,0,0,0,0,0,0,1,0,0,小区内设置静音休息区，为居民提供安静的活动空间,111.0
407,123秒,1,2,3,2,3,2,2,2.0,3,4,4,2,4,1,4,2,3,1,2,4,2,4,2,4,2,4,2,5,1,0,1,0,1,0,0,2,4,2,0,1,0,1,0,0,1,0,0,0,1,0,0,广告公司的流动宣传车，禁止在居民区，学校周边播音放广告,123.0
408,171秒,1,3,3,2,3,3,3,3.0,5,4,4,1,2,2,3,4,4,3,2,4,3,4,3,2,4,3,3,4,0,0,0,1,0,1,0,2,4,2,0,1,0,1,0,0,0,1,0,0,1,0,0,企业员工宿舍制定静音作息制度，禁止深夜喧哗、外放音乐,171.0
409,318秒,1,3,3,1,2,3,3,2.0,4,4,4,3,3,4,4,3,4,4,3,3,4,3,3,4,3,4,3,2,0,0,1,0,0,0,0,1,1,2,1,0,1,0,0,1,0,0,1,0,0,0,0,6,318.0
410,170秒,1,4,3,3,3,5,3,2.0,3,4,4,2,4,4,3,4,4,3,2,3,1,4,2,3,4,2,2,4,0,1,1,0,0,1,0,4,3,3,0,1,0,0,1,0,0,1,0,1,0,0,0,美容院,170.0
411,86秒,1,3,1,4,3,4,1,2.0,4,3,3,3,3,3,3,3,3,2,3,3,3,3,3,3,3,3,3,3,0,1,0,1,1,0,0,3,2,2,0,1,1,1,0,0,1,1,1,1,1,0,0,无,86.0
412,124秒,1,2,1,3,2,4,2,3.0,2,3,4,3,4,2,4,4,2,2,2,4,3,1,4,1,4,3,3,2,0,0,1,0,0,1,0,2,4,1,0,1,0,1,0,0,0,1,0,0,1,0,0,推动噪音治理技术研发与应用，引进先进降噪设备和工艺,124.0
413,94秒,1,3,1,2,4,4,2,2.0,2,3,3,3,3,3,3,2,3,3,4,3,4,3,3,4,3,4,3,3,0,0,1,0,1,0,0,2,3,3,1,0,1,0,0,0,1,1,1,0,1,0,0,无,94.0
414,168秒,1,5,3,3,5,3,2,,4,4,2,3,2,4,2,4,3,2,2,4,3,2,3,2,4,3,2,4,0,1,0,0,1,0,0,2,4,4,0,1,0,1,0,0,1,0,0,0,1,0,0,优化交通信号灯配时间,168.0
415,244秒,1,2,2,2,3,2,2,2.0,2,2,4,3,4,3,4,3,2,3,4,3,4,3,4,3,4,3,3,2,0,1,1,1,0,0,0,2,2,2,1,1,0,0,0,0,1,0,1,0,0,0,0,6,244.0
416,196秒,1,5,1,1,3,4,2,2.0,4,2,4,2,2,4,3,3,4,1,3,4,2,4,2,4,3,3,3,4,1,0,0,0,1,0,1,2,4,5,0,1,1,0,0,0,0,0,0,1,0,0,0,在学校、医院门口设置静音区域标识，严禁车辆鸣笛,196.0
417,124秒,1,3,1,5,3,4,2,2.0,2,3,5,2,4,2,2,3,2,3,3,2,5,2,2,1,2,4,3,2,1,0,0,0,0,0,0,3,2,2,0,0,1,1,0,0,1,1,1,0,1,0,0,增大管控,124.0
418,57秒,1,3,1,3,2,1,2,2.0,2,4,4,3,2,3,3,4,3,4,4,3,3,3,4,3,3,3,2,2,0,1,0,1,1,0,0,3,2,2,1,0,1,0,0,1,0,1,0,1,0,0,0,管理,57.0
419,52秒,1,4,1,2,7,5,2,,4,2,3,3,3,3,3,3,2,3,4,3,4,3,3,3,3,3,3,3,1,0,1,0,0,0,0,2,2,2,0,1,1,1,0,0,1,1,1,1,0,0,0,无,52.0
420,154秒,2,3,3,4,3,5,2,1.0,4,3,3,4,2,4,3,3,4,3,1,4,2,4,2,4,1,4,5,2,0,1,1,0,1,0,0,4,2,1,0,1,1,0,0,0,1,0,0,1,0,0,0,小区绿化补种高大绿植,154.0
421,92秒,1,3,1,1,1,5,1,1.0,2,2,4,3,3,4,4,3,2,3,4,3,3,3,3,4,3,4,2,2,0,1,0,1,1,0,0,2,2,2,1,1,1,0,0,1,1,1,0,0,0,0,0,无,92.0
422,115秒,1,2,2,1,9,6,3,2.0,3,1,3,2,5,2,3,3,2,3,2,4,2,4,3,4,5,2,3,4,0,1,0,0,1,0,0,3,4,2,1,0,0,1,0,0,1,0,1,0,0,1,0,对小区内高噪行为进行劝导，屡教不改者上报相关部门,115.0
423,83秒,1,5,1,2,8,4,2,,4,3,3,2,3,2,3,2,3,2,2,3,2,2,2,2,2,3,2,1,1,0,0,1,1,0,0,2,2,4,0,1,1,0,0,0,1,1,1,1,0,0,0,无,83.0
424,115秒,1,3,1,4,5,5,1,,3,5,4,3,2,4,4,2,4,2,2,4,2,3,2,4,3,4,2,4,0,1,1,0,1,0,0,1,4,5,1,0,1,1,0,0,1,0,1,1,0,0,0,提醒居民夜间轻关窗户,115.0
425,124秒,1,4,3,5,3,1,3,1.0,4,2,3,2,1,4,3,4,3,3,4,2,4,4,2,3,3,3,3,2,0,1,0,0,1,0,0,4,2,1,1,0,1,0,0,1,0,1,0,0,1,1,0,提醒居民夜间轻关门窗、轻拿轻放物品，减少生活噪音,124.0
426,127秒,1,3,3,3,9,4,2,1.0,1,3,4,3,2,4,3,4,3,2,2,4,2,4,3,3,2,4,4,3,1,0,1,0,1,0,0,4,3,1,0,1,0,1,0,0,1,0,0,0,1,0,0,定期检查小区门窗密封情况,127.0
427,322秒,1,4,2,5,7,1,2,,3,4,1,2,1,3,1,5,3,3,3,4,2,3,5,4,3,2,5,2,1,0,1,1,0,0,0,1,1,2,1,1,0,1,0,0,1,1,0,1,0,0,0,需要专门的宁静区域,322.0
428,88秒,1,2,3,4,1,4,2,1.0,3,3,4,3,3,2,3,2,2,3,3,2,3,4,2,4,3,3,3,2,0,1,0,1,0,0,0,3,2,5,0,1,0,1,0,0,0,1,0,0,1,0,0,餐饮店、酒店的油烟机、排风扇加装隔音罩和减震底座，定期清洗维护,88.0
429,241秒,1,2,1,2,5,5,3,,3,3,4,4,4,2,2,3,2,1,4,3,4,2,4,2,2,4,2,2,1,0,0,1,0,0,0,2,2,3,1,1,1,1,0,0,1,1,1,1,0,0,0,无,241.0
430,93秒,1,4,2,1,3,3,3,2.0,2,4,2,4,1,4,2,5,3,2,2,5,3,4,2,3,3,3,1,4,0,0,1,0,0,1,0,2,4,1,0,0,1,1,0,0,1,0,0,1,0,0,0,商场超市的背景音乐控制在55分贝以内,93.0
431,84秒,1,3,1,4,4,4,2,1.0,2,3,3,4,2,2,4,2,2,2,3,3,2,3,2,4,2,2,3,2,1,1,1,0,1,1,0,2,2,4,0,1,1,0,0,0,1,1,1,1,1,0,0,无,84.0
432,133秒,2,2,3,3,3,2,2,2.0,5,5,1,3,2,3,4,4,1,2,3,2,4,3,2,4,3,2,3,1,0,1,0,0,1,0,0,3,4,3,0,1,1,0,0,0,0,0,1,1,0,0,0,汽修门店的喷漆、打磨、切割等高噪工序，设置专用隔音车间并限时作业,133.0
433,138秒,1,3,2,3,4,2,2,3.0,2,4,3,2,4,2,4,2,4,2,5,3,4,2,4,2,2,3,1,4,0,0,0,1,0,0,1,1,1,2,0,1,0,1,1,1,0,1,0,1,0,0,0,物流车辆选用低噪声车型,138.0
434,57秒,1,1,1,4,5,4,1,,4,4,3,3,2,4,4,2,2,2,2,4,2,4,2,1,1,1,1,3,0,0,1,0,1,0,0,2,1,5,0,1,0,0,1,0,0,0,0,1,0,0,0,水电管道铺设避开卧室床头墙面，减少管道共振传声,57.0
435,302秒,2,1,2,5,5,1,2,,4,2,5,3,4,2,3,5,4,3,4,2,5,2,4,1,2,2,5,5,0,0,1,0,1,0,0,2,1,1,0,1,0,1,0,1,0,0,1,0,1,0,0,噪声源附近不要建民居,302.0
436,322秒,1,3,2,3,3,5,3,3.0,5,2,2,4,2,4,1,4,4,3,2,4,3,2,4,2,4,3,1,1,0,1,0,1,0,0,0,2,4,3,0,1,0,1,0,0,0,1,0,1,0,0,0,新房建筑采用双层分户墙设计,322.0
437,173秒,2,1,1,1,5,1,1,,4,2,5,2,5,4,2,1,2,4,5,3,5,2,5,3,4,3,3,2,0,1,1,1,1,0,0,4,2,2,0,1,1,0,0,0,1,0,1,1,1,0,0,无,173.0
438,205秒,1,2,3,2,5,5,2,,3,3,3,3,3,2,2,2,5,2,1,1,2,2,3,2,2,2,5,3,1,0,1,1,1,0,0,3,2,2,1,1,1,1,0,1,1,1,1,1,1,1,0,无,205.0
439,57秒,1,3,2,2,3,3,2,2.0,2,4,4,3,4,4,4,4,3,4,4,3,4,3,4,4,3,4,2,2,0,1,1,0,1,0,0,2,2,2,1,1,1,1,0,1,0,1,0,0,1,0,0,6,57.0
440,206秒,1,1,2,2,5,3,3,,3,3,1,1,1,1,1,1,2,2,3,3,3,4,4,2,3,2,4,4,1,1,0,1,1,0,0,4,4,1,1,1,1,1,0,1,0,1,1,1,1,0,0,无,206.0
441,56秒,2,4,1,1,7,5,1,,3,2,3,3,4,2,2,1,2,3,3,3,3,3,3,3,3,3,3,3,0,0,1,0,0,0,0,2,2,2,1,1,1,1,0,1,1,1,0,1,0,0,0,监管,56.0
442,57秒,1,4,1,4,2,1,2,2.0,2,4,4,3,2,1,4,4,4,3,4,2,3,2,3,3,3,4,2,2,0,1,0,0,0,0,0,1,1,2,1,1,1,1,0,1,1,1,0,1,1,1,0,好,57.0
443,201秒,2,2,3,2,4,5,1,1.0,3,1,1,1,1,1,1,2,3,3,2,2,2,3,3,3,4,3,3,3,0,1,1,1,0,0,0,4,4,1,1,1,1,1,0,1,1,1,1,1,1,1,0,无,201.0
444,77秒,1,5,2,3,7,1,1,,3,3,3,3,3,3,3,3,2,4,3,3,4,3,3,3,3,3,3,3,0,1,0,1,0,0,0,2,2,2,1,1,0,1,0,1,0,0,1,0,1,0,0,哈,77.0
445,52秒,2,3,2,2,2,3,2,2.0,2,4,3,3,3,3,3,3,2,3,3,3,4,3,3,3,3,3,2,2,0,1,1,1,0,0,0,2,2,2,1,1,1,0,0,1,1,0,0,1,0,0,0,6,52.0
446,54秒,2,3,3,2,4,2,3,3.0,2,4,4,4,3,3,4,4,2,3,3,4,3,3,3,3,3,3,2,2,0,1,1,0,0,0,0,2,2,2,0,1,1,0,0,1,0,0,1,0,0,1,0,6,54.0
449,107秒,2,2,2,2,4,3,2,2.0,2,4,4,3,3,3,4,3,2,3,4,3,4,3,3,3,3,3,2,2,0,1,0,1,0,0,0,2,2,2,1,1,1,0,0,1,1,0,1,0,0,0,0,6,107.0
450,76秒,2,2,1,2,3,3,2,2.0,2,4,4,4,3,3,4,3,3,4,4,3,3,4,3,3,3,4,2,2,0,0,1,0,1,0,0,2,1,2,0,1,1,0,0,1,1,0,0,1,0,0,0,6,76.0
451,76秒,2,3,2,2,3,3,1,3.0,2,4,4,3,3,3,4,3,3,3,3,4,3,3,4,3,4,3,2,1,0,1,0,1,0,1,0,1,2,2,1,0,1,0,0,0,1,0,1,0,0,1,0,6,76.0
452,69秒,2,3,3,2,4,3,3,2.0,2,3,3,3,3,3,3,3,4,4,2,3,3,2,3,3,3,3,2,2,0,1,0,1,0,0,0,2,2,2,0,1,0,1,0,1,0,0,1,0,1,0,0,6,69.0
453,247秒,1,3,3,3,3,3,2,2.0,2,4,4,3,3,3,3,3,3,4,3,3,3,3,3,3,3,3,2,2,0,1,1,0,1,0,0,2,2,2,0,1,1,0,0,1,0,1,0,1,0,0,0,6,247.0
454,203秒,1,4,1,2,1,5,1,2.0,4,3,5,2,4,2,4,3,4,4,1,1,5,5,5,1,3,5,5,4,0,1,1,0,1,0,0,4,2,4,0,1,0,1,0,0,0,1,0,0,0,1,0,加快出台《浙江省噪声污染防治条例》，提升法律位阶,203.0
455,149秒,1,1,2,5,5,3,3,,1,4,1,1,1,5,5,5,3,3,1,5,1,5,1,1,5,5,3,4,0,1,1,0,0,1,0,3,4,1,1,0,1,0,1,0,0,1,0,0,1,0,0,完善《浙江省噪声污染防治办法》配套细则，明确部门权责清单,149.0
456,141秒,1,5,1,1,7,6,2,,1,1,5,5,1,1,5,5,1,1,1,5,5,5,5,1,1,1,5,5,1,1,1,1,1,1,0,5,1,4,0,1,1,0,0,1,1,1,0,0,1,1,0,制定浙江省工业，建筑施工，交通社会生活四类噪声排放标准,141.0
457,121秒,1,4,2,3,3,3,1,2.0,3,2,1,1,1,5,1,5,3,3,3,1,4,1,5,2,5,1,1,5,1,0,0,1,0,1,0,1,5,4,1,0,1,1,0,1,0,0,1,0,0,0,0,建立声环境功能区动态更新机制，每 3–5 年评估调整一次,121.0
458,122秒,1,3,3,5,3,5,2,3.0,4,1,1,1,1,1,1,1,1,3,5,5,1,5,1,5,2,5,4,3,1,1,1,0,1,1,0,5,3,3,1,1,1,1,0,0,1,0,0,1,0,0,0,统一全省宁静小区，宁静公园，宁静工厂,122.0
459,116秒,1,3,3,2,3,5,2,3.0,3,3,3,2,2,5,1,1,3,3,2,5,1,5,1,5,1,5,3,5,0,1,0,0,1,0,0,3,5,5,0,1,1,1,0,1,0,0,0,0,1,0,0,明确夜间施工许可、装修时段、广场舞音量全省统一阈值。,116.0
460,105秒,1,3,3,1,3,5,2,2.0,3,4,4,2,4,2,4,4,2,3,3,2,4,1,4,2,4,2,4,2,1,1,1,0,1,0,0,4,2,3,1,1,0,1,0,0,0,1,1,0,0,1,0,建立噪声污染信用评价和黑名单制度,105.0
461,108秒,1,4,3,5,3,4,2,1.0,3,4,1,3,2,3,5,3,4,4,2,4,1,1,2,3,4,2,3,4,0,1,1,0,1,0,0,2,4,4,0,1,1,0,0,0,1,0,0,1,0,0,1,出台老旧小区降噪改造技术导则，明确门窗、墙体、管道降噪要求。,108.0
462,114秒,1,4,1,4,3,3,2,1.0,2,4,4,2,5,2,4,1,3,2,2,4,2,4,3,1,4,2,2,4,1,0,1,0,1,0,0,2,4,3,1,0,1,0,1,1,0,0,1,0,0,0,0,制定噪声污染防治专项资金管理,114.0
463,167秒,1,3,2,3,4,3,3,2.0,4,4,4,2,3,3,1,4,3,4,2,4,3,1,3,4,2,4,3,2,1,0,0,1,0,0,0,2,3,1,1,0,1,0,0,0,1,0,0,1,0,0,0,新建交通干线避开密集居民区，无法避让则强制设置隔声屏障、减振基础中国政府网。,167.0
464,166秒,1,4,3,4,2,2,2,2.0,2,4,3,4,1,4,2,4,2,3,2,4,1,4,2,3,4,5,2,4,1,0,1,0,1,0,0,2,4,3,1,0,1,1,0,0,0,0,1,1,0,0,0,优化工业布局，高噪声企业远离居住区,166.0
465,166秒,1,4,3,3,4,3,3,2.0,4,4,4,2,2,4,2,4,3,1,2,3,1,4,2,4,3,2,3,2,0,0,1,0,0,0,1,3,4,4,0,1,0,0,1,0,0,1,0,0,1,0,0,合理布局商业综合体、KTV、酒吧，与居民区保持足够缓冲距离。,166.0
466,160秒,1,3,3,2,8,4,3,,4,4,3,1,4,2,4,3,1,2,3,3,3,3,3,3,1,4,3,2,0,0,1,1,0,0,0,4,4,2,0,1,0,1,0,0,0,0,1,0,0,1,0,新建住宅严格执行隔声标准，外墙，分户墙，门窗隔声性能达标，推广建筑声环境预评价，在方案设计阶段优化户型与朝向,160.0
467,157秒,1,3,3,1,3,3,2,2.0,2,3,2,3,2,4,1,5,3,3,2,4,3,2,4,3,1,5,4,5,1,0,0,1,1,0,0,2,4,3,1,0,1,0,0,0,0,1,0,0,0,1,0,城市道路优化线型与坡度，减少急弯、陡坡引发的鸣笛与加速噪声。,157.0
468,165秒,1,5,2,2,8,4,2,,4,3,2,3,2,4,1,3,3,2,3,2,4,3,2,3,1,3,2,3,1,1,0,0,1,0,0,3,3,4,0,1,1,0,1,0,1,0,0,0,1,0,0,公园，广场分区布局，健身区远离住宅区，设置缓冲绿带，新建学校，医院远离主干道，建筑朝向避开噪声源,165.0
469,165秒,1,3,2,3,3,2,1,2.0,3,3,1,1,1,1,5,5,3,4,1,5,2,5,3,5,2,4,3,3,1,0,0,1,0,1,0,3,2,4,0,1,1,0,0,1,0,1,0,0,0,1,0,"农村建房避开公路、养殖场、加工厂，统一规划居住区。
声环境功能区精准划图，绘制高精度 “声环境地图”，分区管控浙江省生态环境厅。",165.0
470,168秒,1,1,3,5,5,1,2,,3,3,1,3,2,4,2,4,3,3,3,2,4,2,4,3,3,2,5,4,0,1,1,0,1,0,0,4,2,4,0,1,0,1,0,0,0,1,0,0,0,1,0,规划阶段开展噪声影响与评估，未通过评估不得立项，全省县级以上城市全覆盖自动监测站，实现每秒采集，实时联网,168.0
471,184秒,1,1,2,4,5,1,2,,2,4,2,3,4,2,4,2,3,3,2,4,1,1,5,1,5,5,2,2,0,1,0,1,0,1,0,1,2,2,1,0,0,1,0,0,1,1,0,0,1,0,0,"全省县级以上城市全覆盖自动监测站，实现每秒采集、实时联网浙江省经济信息中心。
加密学校、医院、敏感小区周边监测点位，实时公示数据。",184.0
472,223秒,1,3,3,4,6,4,3,1.0,3,3,3,1,4,2,4,2,4,2,4,2,4,2,1,4,3,3,3,3,0,1,1,0,0,1,0,4,1,5,0,1,0,1,0,0,0,0,1,0,0,1,0,开发噪声溯源al系统，自动识别声源定位扰民点位，对高价，铁路，机场周边布设长期监测断面，跟踪治理效果,223.0
473,203秒,1,4,1,3,7,4,2,,3,2,3,1,3,4,2,4,3,3,4,1,4,3,3,2,4,3,2,4,0,0,1,0,1,0,0,3,4,4,1,0,1,0,0,0,1,0,1,0,0,1,0,"开展农村区域噪声监测，填补农村监测空白。
建设宁静区域监测评价体系，量化降噪效果、定期评估浙江省生态环境厅",203.0
474,166秒,1,5,2,4,8,2,1,,4,3,4,2,4,3,2,4,5,1,5,1,5,1,5,1,5,2,4,4,1,0,1,0,1,0,0,1,2,4,1,0,1,1,0,0,1,0,0,1,0,0,0,建立噪声治理效果评估模型，量化治理投入与成效，推广数字孪生声环境系统，模拟噪声扩散，优化治理方案,166.0
475,153秒,1,4,2,2,5,6,2,,3,4,3,2,4,4,2,3,3,3,5,5,1,1,1,5,2,4,2,4,0,1,1,0,1,0,0,4,2,2,1,0,1,0,0,0,0,1,0,0,1,0,0,"对重点污染源实施在线监测，实时监控、超标报警。
加强监测人员培训，提高专业能力与数据解读水平。",153.0
476,150秒,1,4,2,4,3,5,2,2.0,2,3,4,2,4,2,3,4,4,3,4,1,4,2,4,5,2,4,1,4,0,1,0,1,0,1,0,2,4,1,0,1,0,0,0,0,0,1,0,1,0,0,0,加强厂区内部管理，设备定期维护，减少噪声异常，工业区划定噪声重点监管清单，动态更新，重点盯防,150.0
477,141秒,1,5,1,1,1,1,2,1.0,4,5,1,1,1,1,5,5,3,3,5,1,5,1,5,1,5,1,1,4,1,0,0,0,0,0,0,1,1,3,1,1,1,1,0,1,0,1,0,0,0,1,0,"加强工业园区执法检查，常态化巡查、严厉处罚超标行为浙江省生态环境厅。
推动企业噪声治理技术改造，给予财政补贴、税收优惠。",141.0
478,148秒,1,5,3,4,7,2,1,,4,3,2,3,4,2,3,4,2,2,4,2,4,2,4,3,3,2,2,4,1,0,0,1,1,0,0,4,2,4,0,1,0,1,0,0,1,0,0,0,1,1,0,企业合理安排生产时间，减少夜间高噪声作业，加强工业企业员工培训，提高噪声防控意识,148.0
479,151秒,2,3,2,3,5,3,2,,5,3,3,2,4,2,4,5,3,2,3,1,3,4,2,4,3,1,1,1,0,1,0,0,0,1,0,2,2,3,1,0,0,1,0,0,0,1,0,0,0,1,0,"企业合理安排生产时间，减少夜间高噪声作业。
加强工业企业员工培训，提高噪声防控意识。",151.0
480,143秒,1,3,3,2,6,3,2,3.0,5,4,4,3,4,2,3,1,4,2,2,4,1,4,2,4,1,3,1,4,0,1,0,1,1,0,0,4,2,2,1,0,1,1,0,0,1,1,1,0,1,0,0,城市主干道，高架路全面加装隔声屏障，优先覆盖学校，医院，密集小区，铁路，轨道交通沿线设置隔声屏障,143.0
481,165秒,1,4,1,2,3,6,2,2.0,3,5,2,3,2,4,4,3,3,2,2,3,4,2,4,2,4,3,3,4,1,0,1,0,1,0,0,3,2,2,1,0,1,0,0,0,0,1,0,0,0,1,0,"推广智慧交通系统，减少拥堵、降低车辆频繁启停噪声。
居住区周边道路设置减速带、隔离栏，降低车速、减少噪声。",165.0
482,170秒,1,3,3,3,3,3,2,2.0,3,4,3,4,2,4,3,4,4,2,4,1,1,1,5,2,5,1,5,2,1,1,0,0,1,0,0,1,3,3,1,0,0,0,0,0,1,0,0,0,1,0,0,"合理安排施工工序，高噪声作业避开午休与夜间
开展宁静工地创建，树立示范，规范管理，",170.0
486,194秒,1,5,2,1,7,5,3,,2,3,3,2,2,4,3,1,3,3,3,2,4,2,3,2,3,2,4,2,0,1,0,1,1,0,0,4,4,2,1,0,0,1,0,0,1,0,1,0,1,0,0,加强宠物管理，规范饲养，控制吠叫，扰民处罚,194.0
487,199秒,1,4,1,3,4,5,2,1.0,3,3,4,2,3,3,2,2,1,1,1,3,3,2,4,3,1,3,4,4,1,0,0,1,1,0,0,3,4,2,1,1,0,1,0,0,1,0,0,0,0,0,0,加强出租管理，规范租客行为，控制生活噪声，推广社区噪声治理，成立志愿巡查队,199.0
488,196秒,1,2,3,3,8,3,2,,3,5,4,2,3,2,4,4,5,2,3,2,4,3,4,2,4,3,4,2,0,1,0,0,1,0,0,4,3,4,0,1,0,1,0,0,1,1,0,0,1,0,0,定期开展宁静社区评比，表彰先进，推广经验，加大噪声治理技术研发投入，支持高校，企业公关关键技术，推广新型材料，减震材料,196.0
489,174秒,1,5,1,4,4,4,1,2.0,4,4,3,3,4,3,4,3,4,2,4,2,4,3,1,4,2,4,2,4,1,0,0,1,0,0,0,4,3,5,1,0,1,0,1,0,1,0,0,1,0,0,0,研发轨道交通减振降噪新技术，兼顾降噪与节能，应用主动降噪技术，在隧道，车厢，机房等密闭空间降噪,174.0
490,177秒,1,2,2,3,2,2,2,2.0,3,4,5,5,5,5,5,5,5,3,4,5,5,5,2,5,2,5,4,5,0,1,0,0,1,0,1,5,5,5,1,0,0,1,0,0,0,1,0,0,0,1,0,加强国际技术交流，引进国外先进噪声治理与经验与技术，鼓励企业技术创新，对研发噪声治理新技术给予补贴奖励,177.0
491,158秒,1,3,3,3,3,5,3,1.0,5,2,3,2,3,2,4,3,3,4,2,4,3,2,4,2,4,3,2,4,0,0,1,0,1,0,0,3,2,3,1,0,0,1,0,0,0,1,0,0,0,1,0,加强基层执法队伍建设，配备专业设备，提升执法能力，生态环境，公安，陈冠，交通联合执法，形成治理合力,158.0
492,160秒,1,2,2,3,8,5,2,,3,5,2,5,2,4,4,3,2,2,1,4,4,3,3,4,3,3,3,3,0,1,0,0,1,0,0,2,4,4,0,1,0,0,0,0,1,0,0,0,1,0,0,推行阳光执法，执法结果公开，接受社会监督，加强执法人员培训，提升法律杜洋，业务能力，服务意识,160.0
493,168秒,1,2,3,3,5,1,1,,2,3,4,2,3,4,3,2,4,1,2,4,5,5,5,1,5,1,2,4,0,1,0,1,0,0,0,3,4,3,1,0,0,1,0,0,0,1,1,0,0,1,0,完善投诉举报处理机制，快速响应，及时办理，反馈结果，推行网格化监督，建立台账，动态跟踪，严格管控,168.0
494,175秒,1,3,2,3,3,3,2,2.0,3,2,2,5,2,4,2,4,3,2,4,2,4,3,2,5,2,3,4,3,1,1,1,0,1,1,0,4,3,5,1,1,1,1,0,0,1,0,0,1,1,0,0,开展执法大练兵，提升执法人员实战能力，专业水平，建立执法与司法联动机制，强化行政处罚与刑事处罚衔接,175.0
495,181秒,1,4,2,4,3,2,2,2.0,2,3,2,2,4,2,4,3,4,3,3,2,4,3,2,4,3,4,3,4,1,0,1,0,1,0,0,3,4,3,1,1,1,0,0,0,0,1,0,1,0,0,0,建立执法与司法联动机制，强化行政处罚与刑事处罚衔接，姬爱卿那个农村执法监管，填补农村噪声治理空乏,181.0
496,165秒,1,4,3,3,3,3,2,3.0,4,3,4,3,3,4,2,4,3,3,4,3,4,2,4,3,2,3,4,2,0,1,0,1,1,0,0,4,2,4,1,0,1,0,0,0,1,0,0,1,1,0,0,定期开展培训，总结经验，查找不足，持续改进，构建政府工作，部门协同，企业主体，公众参与，社会监督的共治体系,165.0
497,146秒,1,3,2,2,3,5,3,1.0,3,3,2,3,2,4,3,5,2,2,3,4,1,4,3,2,4,3,3,5,0,1,0,1,0,1,0,3,4,4,0,1,0,1,0,0,0,1,0,1,0,1,0,支持环保社会组织参与噪声治理，开展宣传，调研，监督活动，推动社区自治，指定社区噪声公约，规范居民行为,146.0
498,146秒,1,3,2,3,3,2,2,2.0,4,2,3,2,4,3,2,4,3,3,4,3,4,2,4,3,3,4,4,3,1,0,1,0,1,1,0,4,2,3,1,0,1,0,1,1,0,1,0,0,1,0,0,加强行业自律，引导企业，商家自觉履行噪声污染防治责任,146.0
499,157秒,1,3,2,1,4,1,3,2.0,3,4,4,2,4,3,2,3,1,4,3,2,4,3,1,3,2,4,2,4,1,0,1,0,1,0,0,2,4,4,1,0,1,1,0,0,0,0,0,0,0,1,0,加强青少年教育，培养文明习惯，减少人为噪声，推广文明健身，文明娱乐理念,157.0
500,146秒,1,3,1,3,8,3,1,,3,3,4,3,4,2,4,3,2,2,4,2,4,2,4,3,4,3,4,3,0,1,1,0,1,1,0,4,3,4,1,0,1,0,0,0,1,0,0,0,1,1,0,聘请噪声治理特约监督员，基层吹哨人，打通治理的最后一层,146.0
501,159秒,1,4,3,4,2,5,2,1.0,3,2,4,3,2,4,2,3,3,3,3,4,2,3,4,2,1,2,2,4,0,1,1,0,0,1,1,2,4,3,0,1,1,0,0,0,0,1,0,0,0,1,0,建立执法考核机制，将噪声治理成效纳入绩效考核，完善投诉举报处理机制，快速响应，即使办理，反馈结果,159.0
